price_pkr,ram_gb,storage_gb,display_inches,price_category,performance_score,has_ssd,price_per_ram_gb,price_per_storage_gb,is_gaming,brand_encoded,processor_encoded,brand_tier_encoded,processor_tier_encoded
48197,4,32,15.6,Budget,6.289375,0,12049.25,1506.15625,0,4,10,2,2
197093,4,16,15.6,Premium,6.2846874999999995,0,49273.25,12318.3125,0,3,10,3,2
15500,8,128,11.6,Budget,6.7175,0,1937.5,121.09375,0,1,10,0,2
174383,2,16,11.6,Premium,4.2846875,0,87191.5,10898.9375,0,9,6,2,4
191355,8,512,11.6,Premium,6.83,1,23919.375,373.740234375,0,1,6,0,4
41999,8,256,15.6,Budget,7.955,1,5249.875,164.05859375,0,8,10,5,2
139250,4,16,11.6,Mid,5.0846875,0,34812.5,8703.125,0,9,6,2,4
82066,4,512,15.6,Entry,6.43,1,20516.5,160.28515625,0,4,10,2,2
58448,4,16,15.6,Entry,6.2846874999999995,0,14612.0,3653.0,0,3,6,3,4
159167,4,16,11.6,Premium,5.0846875,0,39791.75,9947.9375,0,9,10,2,2
29000,8,256,15.6,Budget,7.955,1,3625.0,113.28125,0,6,10,2,2
87942,4,32,11.6,Entry,5.089375,0,21985.5,2748.1875,0,6,10,2,2
119876,2,16,11.6,Mid,4.2846875,0,59938.0,7492.25,0,9,10,2,2
165060,4,16,15.6,Premium,6.2846874999999995,0,41265.0,10316.25,0,3,10,3,2
126466,4,16,11.6,Mid,5.0846875,0,31616.5,7904.125,0,6,6,2,4
46042,4,32,15.6,Budget,6.289375,0,11510.5,1438.8125,0,6,10,2,2
98500,16,512,15.6,Entry,11.23,1,6156.25,192.3828125,1,4,11,2,3
51999,8,512,15.6,Entry,8.03,1,6499.875,101.560546875,0,8,10,5,2
52500,8,512,12.3,Entry,7.04,1,6562.5,102.5390625,0,3,10,3,2
150000,8,512,15.6,Mid,8.03,1,18750.0,292.96875,0,0,10,2,2
184357,4,16,15.6,Premium,6.2846874999999995,0,46089.25,11522.3125,0,4,10,2,2
50651,4,32,13.3,Entry,5.599375,0,12662.75,1582.84375,0,3,10,3,2
75000,8,256,15.6,Entry,7.955,1,9375.0,292.96875,0,8,10,5,2
143255,4,16,11.6,Mid,5.0846875,0,35813.75,8953.4375,0,3,10,3,2
231247,4,16,11.6,Premium,5.0846875,0,57811.75,14452.9375,0,6,6,2,4
36000,8,512,15.6,Budget,8.03,1,4500.0,70.3125,0,10,10,6,2
20500,4,128,12.0,Budget,5.2375,0,5125.0,160.15625,0,1,10,0,2
120777,4,16,11.6,Mid,5.0846875,0,30194.25,7548.5625,0,3,10,3,2
18500,4,128,12.0,Budget,5.2375,0,4625.0,144.53125,0,1,10,0,2
85000,16,512,15.6,Entry,11.23,1,5312.5,166.015625,0,4,0,2,2
27500,8,512,15.6,Budget,8.03,1,3437.5,53.7109375,0,3,11,3,3
54999,8,512,14.1,Entry,7.58,1,6874.875,107.419921875,0,3,10,3,2
142873,8,512,15.6,Mid,8.03,1,17859.125,279.048828125,0,3,10,3,2
225000,8,512,15.6,Premium,8.03,1,28125.0,439.453125,0,4,10,2,2
16800,4,128,15.6,Budget,6.3175,0,4200.0,131.25,0,1,10,0,2
161289,4,32,15.6,Premium,6.289375,0,40322.25,5040.28125,0,4,10,2,2
40999,8,256,15.6,Budget,7.955,1,5124.875,160.15234375,0,2,10,5,2
146934,4,16,15.6,Mid,6.2846874999999995,0,36733.5,9183.375,0,3,6,3,4
29364,4,512,15.6,Budget,6.43,1,7341.0,57.3515625,0,2,10,5,2
107499,16,512,15.6,Mid,11.23,1,6718.6875,209.958984375,0,4,10,2,2
112000,16,256,15.6,Mid,11.155000000000001,1,7000.0,437.5,0,3,10,3,2
37999,8,256,12.5,Budget,7.025,1,4749.875,148.43359375,0,6,10,2,2
18000,8,512,15.6,Budget,8.03,1,2250.0,35.15625,0,0,2,2,1
225000,8,512,15.6,Premium,8.03,1,28125.0,439.453125,0,10,0,6,2
35999,4,512,14.0,Budget,5.95,1,8999.75,70.310546875,0,4,10,2,2
15500,4,128,15.6,Budget,6.3175,0,3875.0,121.09375,0,1,10,0,2
48000,4,512,15.6,Budget,6.43,1,12000.0,93.75,0,8,10,5,2
93621,4,16,11.6,Entry,5.0846875,0,23405.25,5851.3125,0,4,10,2,2
20000,4,128,15.6,Budget,6.3175,0,5000.0,156.25,0,1,10,0,2
100000,16,256,15.6,Entry,11.155000000000001,1,6250.0,390.625,1,8,11,5,3
16500,4,32,15.6,Budget,6.289375,0,4125.0,515.625,0,6,10,2,2
15999,4,128,15.6,Budget,6.3175,0,3999.75,124.9921875,0,1,10,0,2
163929,4,16,11.6,Premium,5.0846875,0,40982.25,10245.5625,0,3,10,3,2
70607,8,512,15.6,Entry,8.03,1,8825.875,137.904296875,0,10,10,6,2
62999,8,512,15.6,Entry,8.03,1,7874.875,123.044921875,0,8,10,5,2
35000,4,128,15.6,Budget,6.3175,0,8750.0,273.4375,0,0,10,2,2
242032,8,512,15.6,Premium,8.03,1,30254.0,472.71875,0,3,10,3,2
142390,4,16,11.6,Mid,5.0846875,0,35597.5,8899.375,0,6,6,2,4
29000,4,512,15.6,Budget,6.43,1,7250.0,56.640625,0,3,10,3,2
116999,16,256,13.3,Mid,10.465,1,7312.4375,457.02734375,1,2,11,5,3
104349,4,16,11.6,Mid,5.0846875,0,26087.25,6521.8125,0,9,6,2,4
154782,4,16,15.6,Premium,6.2846874999999995,0,38695.5,9673.875,0,6,10,2,2
213693,4,16,15.6,Premium,6.2846874999999995,0,53423.25,13355.8125,0,6,10,2,2
87897,4,16,11.6,Entry,5.0846875,0,21974.25,5493.5625,0,3,6,3,4
39796,4,32,11.6,Budget,5.089375,0,9949.0,1243.625,0,4,10,2,2
148489,2,16,11.6,Mid,4.2846875,0,74244.5,9280.5625,0,6,10,2,2
23999,4,512,15.6,Budget,6.43,1,5999.75,46.873046875,0,6,10,2,2
130207,4,16,11.6,Mid,5.0846875,0,32551.75,8137.9375,0,3,10,3,2
185369,4,16,11.6,Premium,5.0846875,0,46342.25,11585.5625,0,0,6,2,4
102924,4,32,15.6,Mid,6.289375,0,25731.0,3216.375,0,4,10,2,2
76524,4,16,11.6,Entry,5.0846875,0,19131.0,4782.75,0,4,6,2,4
21999,4,512,15.6,Budget,6.43,1,5499.75,42.966796875,0,6,10,2,2
29999,8,128,11.6,Budget,6.7175,0,3749.875,234.3671875,0,2,10,5,2
128099,4,32,11.6,Mid,5.089375,0,32024.75,4003.09375,0,6,10,2,2
41999,8,512,15.6,Budget,8.03,1,5249.875,82.029296875,0,2,10,5,2
200100,4,16,11.6,Premium,5.0846875,0,50025.0,12506.25,0,4,10,2,2
23999,2,64,11.6,Budget,4.29875,0,11999.5,374.984375,0,2,10,5,2
48499,8,256,14.0,Budget,7.4750000000000005,1,6062.375,189.44921875,0,6,10,2,2
29999,4,128,11.6,Budget,5.1175,0,7499.75,234.3671875,0,2,10,5,2
131505,4,32,11.6,Mid,5.089375,0,32876.25,4109.53125,0,3,6,3,4
241064,4,16,11.6,Premium,5.0846875,0,60266.0,15066.5,0,3,10,3,2
26999,2,64,15.6,Budget,5.498749999999999,0,13499.5,421.859375,0,3,10,3,2
20499,4,512,15.6,Budget,6.43,1,5124.75,40.037109375,0,6,10,2,2
44500,8,512,12.2,Budget,7.01,1,5562.5,86.9140625,0,6,10,2,2
43999,8,256,15.6,Budget,7.955,1,5499.875,171.87109375,0,6,10,2,2
221532,4,16,15.6,Premium,6.2846874999999995,0,55383.0,13845.75,0,4,10,2,2
195713,4,16,11.6,Premium,5.0846875,0,48928.25,12232.0625,0,3,10,3,2
57395,8,512,15.6,Entry,8.03,1,7174.375,112.099609375,0,3,10,3,2
31999,4,128,11.6,Budget,5.1175,0,7999.75,249.9921875,0,4,5,2,5
42200,4,16,11.6,Budget,5.0846875,0,10550.0,2637.5,0,4,6,2,4
15500,4,64,15.6,Budget,6.29875,0,3875.0,242.1875,0,4,10,2,2
15499,4,512,11.6,Budget,5.23,1,3874.75,30.271484375,0,10,10,6,2
92000,16,512,15.6,Entry,11.23,1,5750.0,179.6875,1,8,11,5,3
199999,16,512,16.0,Premium,11.350000000000001,1,12499.9375,390.623046875,0,1,0,0,2
47999,8,128,12.5,Budget,6.987500000000001,0,5999.875,374.9921875,0,4,10,2,2
23999,4,512,15.6,Budget,6.43,1,5999.75,46.873046875,0,6,10,2,2
229153,4,16,11.6,Premium,5.0846875,0,57288.25,14322.0625,0,4,10,2,2
119093,4,32,11.6,Mid,5.089375,0,29773.25,3721.65625,0,4,10,2,2
76812,4,16,15.6,Entry,6.2846874999999995,0,19203.0,4800.75,0,4,10,2,2
43499,8,256,12.5,Budget,7.025,1,5437.375,169.91796875,0,3,10,3,2
210187,4,16,15.6,Premium,6.2846874999999995,0,52546.75,13136.6875,0,6,10,2,2
18650,4,128,10.0,Budget,4.6375,0,4662.5,145.703125,0,1,10,0,2
21500,4,512,15.6,Budget,6.43,1,5375.0,41.9921875,0,10,9,6,0
180472,4,32,15.6,Premium,6.289375,0,45118.0,5639.75,0,4,10,2,2
92999,16,256,15.6,Entry,11.155000000000001,1,5812.4375,363.27734375,0,2,10,5,2
65822,2,512,15.6,Entry,5.63,1,32911.0,128.55859375,0,1,10,0,2
123168,4,16,11.6,Mid,5.0846875,0,30792.0,7698.0,0,9,6,2,4
194663,4,16,15.6,Premium,6.2846874999999995,0,48665.75,12166.4375,0,3,10,3,2
55523,4,32,11.6,Entry,5.089375,0,13880.75,1735.09375,0,0,6,2,4
275000,8,512,15.6,Luxury,8.03,1,34375.0,537.109375,0,4,0,2,2
35999,4,128,15.6,Budget,6.3175,0,8999.75,281.2421875,0,2,10,5,2
173492,4,16,11.6,Premium,5.0846875,0,43373.0,10843.25,0,4,10,2,2
23999,4,512,15.6,Budget,6.43,1,5999.75,46.873046875,0,6,10,2,2
120286,4,16,11.6,Mid,5.0846875,0,30071.5,7517.875,0,6,6,2,4
74999,16,256,14.0,Entry,10.675,1,4687.4375,292.96484375,0,3,10,3,2
38999,4,256,15.6,Budget,6.3549999999999995,1,9749.75,152.33984375,0,2,10,5,2
223623,4,16,11.6,Premium,5.0846875,0,55905.75,13976.4375,0,4,10,2,2
167986,4,32,15.6,Premium,6.289375,0,41996.5,5249.5625,0,3,10,3,2
33999,8,512,14.0,Budget,7.550000000000001,1,4249.875,66.404296875,0,6,10,2,2
168436,4,32,15.6,Premium,6.289375,0,42109.0,5263.625,0,6,10,2,2
92500,16,512,15.6,Entry,11.23,1,5781.25,180.6640625,1,3,11,3,3
38261,4,512,11.6,Budget,5.23,1,9565.25,74.728515625,0,6,10,2,2
29999,8,128,11.6,Budget,6.7175,0,3749.875,234.3671875,0,6,10,2,2
23999,8,32,14.0,Budget,7.409375000000001,0,2999.875,749.96875,0,4,10,2,2
59999,8,512,14.1,Entry,7.58,1,7499.875,117.185546875,0,3,10,3,2
49999,4,512,13.3,Budget,5.74,1,12499.75,97.654296875,0,2,10,5,2
54999,8,256,14.0,Entry,7.4750000000000005,1,6874.875,214.83984375,0,6,10,2,2
39499,8,256,12.5,Budget,7.025,1,4937.375,154.29296875,0,6,10,2,2
169683,4,16,15.6,Premium,6.2846874999999995,0,42420.75,10605.1875,0,3,10,3,2
102999,16,512,15.6,Mid,11.23,1,6437.4375,201.169921875,0,4,10,2,2
42791,8,512,15.6,Budget,8.03,1,5348.875,83.576171875,0,4,10,2,2
49999,8,512,15.6,Budget,8.03,1,6249.875,97.654296875,0,4,10,2,2
90000,16,256,13.0,Entry,10.375,1,5625.0,351.5625,0,4,10,2,2
162103,8,512,15.6,Premium,8.03,1,20262.875,316.607421875,0,10,10,6,2
78500,8,512,12.4,Entry,7.07,1,9812.5,153.3203125,0,8,10,5,2
56550,16,512,15.6,Entry,11.23,1,3534.375,110.44921875,1,10,11,6,3
31999,4,512,14.0,Budget,5.95,1,7999.75,62.498046875,0,6,10,2,2
18500,4,512,15.6,Budget,6.43,1,4625.0,36.1328125,0,6,6,2,4
66999,8,256,15.6,Entry,7.955,1,8374.875,261.71484375,0,4,10,2,2
23999,4,512,15.6,Budget,6.43,1,5999.75,46.873046875,0,6,10,2,2
23999,4,512,14.0,Budget,5.95,1,5999.75,46.873046875,0,3,10,3,2
36999,8,256,14.0,Budget,7.4750000000000005,1,4624.875,144.52734375,0,4,10,2,2
25000,4,512,15.6,Budget,6.43,1,6250.0,48.828125,0,10,10,6,2
84999,16,512,15.6,Entry,11.23,1,5312.4375,166.013671875,0,4,10,2,2
69953,4,16,11.6,Entry,5.0846875,0,17488.25,4372.0625,0,3,6,3,4
15999,4,128,15.6,Budget,6.3175,0,3999.75,124.9921875,0,1,10,0,2
51500,8,512,12.3,Entry,7.04,1,6437.5,100.5859375,0,8,10,5,2
127702,4,16,15.6,Mid,6.2846874999999995,0,31925.5,7981.375,0,6,10,2,2
205565,4,16,15.6,Premium,6.2846874999999995,0,51391.25,12847.8125,0,4,10,2,2
23999,4,512,15.6,Budget,6.43,1,5999.75,46.873046875,0,6,10,2,2
51999,8,256,12.5,Entry,7.025,1,6499.875,203.12109375,0,3,10,3,2
28999,4,32,15.6,Budget,6.289375,0,7249.75,906.21875,0,1,10,0,2
61999,16,512,14.0,Entry,10.75,1,3874.9375,121.091796875,0,6,10,2,2
405999,16,512,15.6,Luxury,11.23,1,25374.9375,792.966796875,0,2,3,5,5
45000,8,32,14.0,Budget,7.409375000000001,0,5625.0,1406.25,0,4,10,2,2
28999,8,512,12.5,Budget,7.1,1,3624.875,56.638671875,0,6,10,2,2
214773,4,32,11.6,Premium,5.089375,0,53693.25,6711.65625,0,3,10,3,2
16999,8,512,13.3,Budget,7.34,1,2124.875,33.201171875,0,3,10,3,2
34999,8,128,13.3,Budget,7.227500000000001,0,4374.875,273.4296875,0,3,10,3,2
205313,4,32,15.6,Premium,6.289375,0,51328.25,6416.03125,0,6,10,2,2
48000,8,128,15.6,Budget,7.9175,0,6000.0,375.0,0,2,10,5,2
68500,8,128,15.6,Entry,7.9175,0,8562.5,535.15625,0,4,10,2,2
57999,8,256,14.0,Entry,7.4750000000000005,1,7249.875,226.55859375,0,3,10,3,2
151088,4,32,15.0,Premium,6.109375,0,37772.0,4721.5,0,4,10,2,2
40499,8,128,13.3,Budget,7.227500000000001,0,5062.375,316.3984375,0,6,10,2,2
54999,16,512,12.5,Entry,10.3,1,3437.4375,107.419921875,0,3,10,3,2
49499,8,128,14.0,Budget,7.4375,0,6187.375,386.7109375,0,4,10,2,2
36999,8,256,12.5,Budget,7.025,1,4624.875,144.52734375,0,6,10,2,2
144725,4,32,11.6,Mid,5.089375,0,36181.25,4522.65625,0,4,10,2,2
134999,16,512,16.0,Mid,11.350000000000001,1,8437.4375,263.669921875,1,2,11,5,3
35999,8,512,15.6,Budget,8.03,1,4499.875,70.310546875,0,2,10,5,2
58999,8,512,14.0,Entry,7.550000000000001,1,7374.875,115.232421875,0,6,10,2,2
24999,8,256,14.0,Budget,7.4750000000000005,1,3124.875,97.65234375,0,6,10,2,2
47999,8,256,14.0,Budget,7.4750000000000005,1,5999.875,187.49609375,0,3,11,3,3
48999,8,256,15.6,Budget,7.955,1,6124.875,191.40234375,0,6,10,2,2
32999,8,256,15.6,Budget,7.955,1,4124.875,128.90234375,0,4,10,2,2
30000,8,512,15.6,Budget,8.03,1,3750.0,58.59375,0,10,10,6,2
165000,8,512,15.6,Premium,8.03,1,20625.0,322.265625,0,2,3,5,5
78999,16,256,15.6,Entry,11.155000000000001,1,4937.4375,308.58984375,0,6,10,2,2
94999,16,512,15.6,Entry,11.23,1,5937.4375,185.544921875,0,4,10,2,2
23999,4,512,15.6,Budget,6.43,1,5999.75,46.873046875,0,6,10,2,2
44999,8,256,12.5,Budget,7.025,1,5624.875,175.77734375,0,4,10,2,2
56999,16,256,14.0,Entry,10.675,1,3562.4375,222.65234375,1,3,11,3,3
44999,8,256,15.6,Budget,7.955,1,5624.875,175.77734375,0,2,11,5,3
52999,8,256,15.6,Entry,7.955,1,6624.875,207.02734375,0,4,11,2,3
85561,4,16,15.6,Entry,6.2846874999999995,0,21390.25,5347.5625,0,3,6,3,4
29499,8,512,14.1,Budget,7.58,1,3687.375,57.615234375,0,6,10,2,2
54999,8,256,15.6,Entry,7.955,1,6874.875,214.83984375,0,6,10,2,2
30600,4,512,10.0,Budget,4.75,1,7650.0,59.765625,0,3,9,3,0
29999,8,512,11.1,Budget,6.68,1,3749.875,58.591796875,0,4,9,2,0
18650,4,128,10.0,Budget,4.6375,0,4662.5,145.703125,0,1,10,0,2
34999,8,512,15.6,Budget,8.03,1,4374.875,68.357421875,0,3,10,3,2
30000,8,512,15.6,Budget,8.03,1,3750.0,58.59375,0,3,11,3,3
75367,4,16,15.6,Entry,6.2846874999999995,0,18841.75,4710.4375,0,4,6,2,4
69999,16,256,14.0,Entry,10.675,1,4374.9375,273.43359375,1,6,11,2,3
176982,4,16,15.6,Premium,6.2846874999999995,0,44245.5,11061.375,0,3,10,3,2
44681,8,128,15.6,Budget,7.9175,0,5585.125,349.0703125,0,1,9,0,0
48999,4,512,12.5,Budget,5.5,1,12249.75,95.701171875,0,6,10,2,2
64999,8,256,15.6,Entry,7.955,1,8124.875,253.90234375,0,4,10,2,2
140406,4,16,11.6,Mid,5.0846875,0,35101.5,8775.375,0,4,10,2,2
56525,2,16,15.6,Entry,5.4846875,0,28262.5,3532.8125,0,1,10,0,2
32999,4,256,15.6,Budget,6.3549999999999995,1,8249.75,128.90234375,0,2,10,5,2
61999,8,256,14.0,Entry,7.4750000000000005,1,7749.875,242.18359375,0,6,10,2,2
25999,4,256,15.6,Budget,6.3549999999999995,1,6499.75,101.55859375,0,4,10,2,2
17999,4,16,12.0,Budget,5.2046874999999995,0,4499.75,1124.9375,0,6,10,2,2
45000,8,512,15.6,Budget,8.03,1,5625.0,87.890625,0,10,10,6,2
44000,16,512,15.6,Budget,11.23,1,2750.0,85.9375,1,4,11,2,3
60000,8,128,15.6,Entry,7.9175,0,7500.0,468.75,0,8,8,5,4
39999,8,128,15.6,Budget,7.9175,0,4999.875,312.4921875,0,3,3,3,5
19500,8,512,15.6,Budget,8.03,1,2437.5,38.0859375,0,6,10,2,2
25999,4,16,15.6,Budget,6.2846874999999995,0,6499.75,1624.9375,0,3,10,3,2
24999,4,128,11.6,Budget,5.1175,0,6249.75,195.3046875,0,6,4,2,5
38000,8,512,15.6,Budget,8.03,1,4750.0,74.21875,0,6,10,2,2
32000,4,256,15.6,Budget,6.3549999999999995,1,8000.0,125.0,0,4,10,2,2
71999,16,256,15.6,Entry,11.155000000000001,1,4499.9375,281.24609375,0,3,10,3,2
40999,8,256,15.6,Budget,7.955,1,5124.875,160.15234375,0,6,10,2,2
109423,4,16,15.6,Mid,6.2846874999999995,0,27355.75,6838.9375,0,3,10,3,2
23999,4,512,15.6,Budget,6.43,1,5999.75,46.873046875,0,6,10,2,2
38999,4,512,15.6,Budget,6.43,1,9749.75,76.169921875,0,4,10,2,2
44999,8,128,14.0,Budget,7.4375,0,5624.875,351.5546875,0,4,10,2,2
21999,4,32,11.6,Budget,5.089375,0,5499.75,687.46875,0,6,10,2,2
24999,8,128,14.1,Budget,7.467499999999999,0,3124.875,195.3046875,0,4,10,2,2
41999,8,512,14.0,Budget,7.550000000000001,1,5249.875,82.029296875,0,4,10,2,2
137983,4,16,15.6,Mid,6.2846874999999995,0,34495.75,8623.9375,0,6,10,2,2
54999,8,256,14.0,Entry,7.4750000000000005,1,6874.875,214.83984375,0,3,10,3,2
125763,4,16,11.6,Mid,5.0846875,0,31440.75,7860.1875,0,4,10,2,2
36999,8,256,12.5,Budget,7.025,1,4624.875,144.52734375,0,6,10,2,2
274999,16,512,15.6,Luxury,11.23,1,17187.4375,537.107421875,0,1,10,0,2
30999,8,512,15.6,Budget,8.03,1,3874.875,60.544921875,0,6,10,2,2
41999,8,256,12.5,Budget,7.025,1,5249.875,164.05859375,0,6,10,2,2
31799,8,512,14.0,Budget,7.550000000000001,1,3974.875,62.107421875,0,3,10,3,2
50074,4,32,15.6,Entry,6.289375,0,12518.5,1564.8125,0,4,10,2,2
22500,8,512,15.6,Budget,8.03,1,2812.5,43.9453125,0,3,10,3,2
64999,8,256,15.6,Entry,7.955,1,8124.875,253.90234375,0,4,10,2,2
54999,8,256,14.0,Entry,7.4750000000000005,1,6874.875,214.83984375,0,6,10,2,2
45999,8,256,12.5,Budget,7.025,1,5749.875,179.68359375,0,3,10,3,2
38999,8,128,11.1,Budget,6.5675,0,4874.875,304.6796875,0,4,10,2,2
72999,8,256,13.3,Entry,7.265000000000001,1,9124.875,285.15234375,0,6,10,2,2
130999,8,512,15.6,Mid,8.03,1,16374.875,255.857421875,0,4,10,2,2
118788,4,16,11.6,Mid,5.0846875,0,29697.0,7424.25,0,3,10,3,2
72999,8,256,14.0,Entry,7.4750000000000005,1,9124.875,285.15234375,0,4,10,2,2
36999,8,512,13.3,Budget,7.34,1,4624.875,72.263671875,0,3,9,3,0
19999,8,512,14.1,Budget,7.58,1,2499.875,39.060546875,0,6,10,2,2
37999,4,512,15.6,Budget,6.43,1,9499.75,74.216796875,0,4,10,2,2
34000,8,512,15.6,Budget,8.03,1,4250.0,66.40625,0,3,10,3,2
149505,4,16,15.6,Mid,6.2846874999999995,0,37376.25,9344.0625,0,4,10,2,2
23999,4,512,14.0,Budget,5.95,1,5999.75,46.873046875,0,3,10,3,2
299000,16,1024,15.6,Luxury,11.379999999999999,1,18687.5,291.9921875,0,2,4,5,5
67999,16,512,15.6,Entry,11.23,1,4249.9375,132.810546875,0,4,10,2,2
249153,4,16,15.6,Premium,6.2846874999999995,0,62288.25,15572.0625,0,6,10,2,2
29999,4,512,14.0,Budget,5.95,1,7499.75,58.591796875,0,3,10,3,2
89999,16,512,13.3,Entry,10.540000000000001,1,5624.9375,175.779296875,1,3,11,3,3
48499,8,256,14.1,Budget,7.505,1,6062.375,189.44921875,0,4,10,2,2
74999,16,256,14.1,Entry,10.705,1,4687.4375,292.96484375,1,6,11,2,3
46000,8,256,12.2,Budget,6.9350000000000005,1,5750.0,179.6875,0,6,10,2,2
30499,4,128,11.6,Budget,5.1175,0,7624.75,238.2734375,0,3,8,3,4
17999,4,32,15.6,Budget,6.289375,0,4499.75,562.46875,0,3,10,3,2
50999,8,128,12.5,Entry,6.987500000000001,0,6374.875,398.4296875,0,4,10,2,2
109999,16,256,13.3,Mid,10.465,1,6874.9375,429.68359375,1,2,11,5,3
25999,8,512,14.1,Budget,7.58,1,3249.875,50.779296875,0,3,10,3,2
121999,8,512,15.6,Mid,8.03,1,15249.875,238.279296875,0,4,10,2,2
25499,4,512,14.1,Budget,5.9799999999999995,1,6374.75,49.802734375,0,6,10,2,2
42999,8,256,12.5,Budget,7.025,1,5374.875,167.96484375,0,3,10,3,2
30000,8,128,15.6,Budget,7.9175,0,3750.0,234.375,0,4,10,2,2
25000,4,16,15.6,Budget,6.2846874999999995,0,6250.0,1562.5,0,1,10,0,2
17699,8,512,15.6,Budget,8.03,1,2212.375,34.568359375,0,10,10,6,2
27000,8,512,15.6,Budget,8.03,1,3375.0,52.734375,0,3,10,3,2
41392,4,16,11.6,Budget,5.0846875,0,10348.0,2587.0,0,4,10,2,2
49224,8,512,15.6,Budget,8.03,1,6153.0,96.140625,0,4,3,2,5
29500,4,512,10.0,Budget,4.75,1,7375.0,57.6171875,0,3,9,3,0
27499,4,256,15.6,Budget,6.3549999999999995,1,6874.75,107.41796875,0,4,10,2,2
94999,16,512,15.6,Entry,11.23,1,5937.4375,185.544921875,0,4,10,2,2
122000,32,512,15.6,Mid,17.630000000000003,1,3812.5,238.28125,1,6,11,2,3
49999,8,128,15.6,Budget,7.9175,0,6249.875,390.6171875,0,4,10,2,2
54999,4,512,15.6,Entry,6.43,1,13749.75,107.419921875,0,2,11,5,3
35999,4,128,15.6,Budget,6.3175,0,8999.75,281.2421875,0,3,10,3,2
53999,8,256,15.6,Entry,7.955,1,6749.875,210.93359375,0,9,11,2,3
77559,4,16,15.6,Entry,6.2846874999999995,0,19389.75,4847.4375,0,4,10,2,2
89999,8,256,15.6,Entry,7.955,1,11249.875,351.55859375,0,4,11,2,3
51999,8,256,14.0,Entry,7.4750000000000005,1,6499.875,203.12109375,0,3,10,3,2
69999,16,256,14.1,Entry,10.705,1,4374.9375,273.43359375,1,6,11,2,3
99999,8,256,13.3,Entry,7.265000000000001,1,12499.875,390.62109375,0,2,10,5,2
65000,8,512,17.0,Entry,8.45,1,8125.0,126.953125,0,3,11,3,3
39999,8,256,14.0,Budget,7.4750000000000005,1,4999.875,156.24609375,0,6,10,2,2
59999,8,128,14.0,Entry,7.4375,0,7499.875,468.7421875,0,4,11,2,3
33999,4,512,14.0,Budget,5.95,1,8499.75,66.404296875,0,3,10,3,2
24999,8,256,14.0,Budget,7.4750000000000005,1,3124.875,97.65234375,0,6,10,2,2
31999,4,512,14.0,Budget,5.95,1,7999.75,62.498046875,0,6,10,2,2
28999,8,512,15.6,Budget,8.03,1,3624.875,56.638671875,0,3,10,3,2
34999,8,512,14.0,Budget,7.550000000000001,1,4374.875,68.357421875,0,6,10,2,2
25000,4,256,15.6,Budget,6.3549999999999995,1,6250.0,97.65625,0,3,10,3,2
110000,16,256,14.0,Mid,10.675,1,6875.0,429.6875,1,2,11,5,3
31999,8,512,15.6,Budget,8.03,1,3999.875,62.498046875,0,6,10,2,2
18999,4,16,12.0,Budget,5.2046874999999995,0,4749.75,1187.4375,0,3,6,3,4
16000,4,32,15.6,Budget,6.289375,0,4000.0,500.0,0,4,6,2,4
162523,4,32,11.6,Premium,5.089375,0,40630.75,5078.84375,0,0,10,2,2
64008,4,16,15.6,Entry,6.2846874999999995,0,16002.0,4000.5,0,6,10,2,2
46999,8,128,12.5,Budget,6.987500000000001,0,5874.875,367.1796875,0,4,10,2,2
67000,16,512,15.6,Entry,11.23,1,4187.5,130.859375,1,3,11,3,3
54999,16,128,12.5,Entry,10.1875,0,3437.4375,429.6796875,0,4,10,2,2
34000,8,512,15.6,Budget,8.03,1,4250.0,66.40625,0,4,9,2,0
73999,8,256,13.3,Entry,7.265000000000001,1,9249.875,289.05859375,0,6,10,2,2
243872,4,16,15.6,Premium,6.2846874999999995,0,60968.0,15242.0,0,6,10,2,2
229000,8,512,15.6,Premium,8.03,1,28625.0,447.265625,0,4,11,2,3
69999,16,256,14.0,Entry,10.675,1,4374.9375,273.43359375,0,3,10,3,2
27999,8,128,15.6,Budget,7.9175,0,3499.875,218.7421875,0,6,6,2,4
36999,8,128,11.6,Budget,6.7175,0,4624.875,289.0546875,0,4,9,2,0
31999,8,512,12.5,Budget,7.1,1,3999.875,62.498046875,0,6,10,2,2
41999,8,256,14.0,Budget,7.4750000000000005,1,5249.875,164.05859375,0,3,10,3,2
34999,8,512,15.6,Budget,8.03,1,4374.875,68.357421875,0,3,10,3,2
37999,8,512,15.6,Budget,8.03,1,4749.875,74.216796875,0,6,10,2,2
44999,8,256,15.6,Budget,7.955,1,5624.875,175.77734375,0,2,10,5,2
20800,4,128,11.6,Budget,5.1175,0,5200.0,162.5,0,6,10,2,2
118477,8,512,15.6,Mid,8.03,1,14809.625,231.400390625,0,10,10,6,2
126000,4,512,15.5,Mid,6.3999999999999995,1,31500.0,246.09375,0,4,10,2,2
57999,16,512,14.0,Entry,10.75,1,3624.9375,113.279296875,0,3,10,3,2
19999,4,256,15.6,Budget,6.3549999999999995,1,4999.75,78.12109375,0,1,10,0,2
69999,16,512,15.6,Entry,11.23,1,4374.9375,136.716796875,0,4,10,2,2
36999,8,512,14.0,Budget,7.550000000000001,1,4624.875,72.263671875,0,4,10,2,2
23999,4,512,15.6,Budget,6.43,1,5999.75,46.873046875,0,6,10,2,2
41999,8,256,15.6,Budget,7.955,1,5249.875,164.05859375,0,6,10,2,2
17999,4,512,15.6,Budget,6.43,1,4499.75,35.154296875,0,6,6,2,4
34999,4,512,15.6,Budget,6.43,1,8749.75,68.357421875,0,3,10,3,2
72499,8,512,15.6,Entry,8.03,1,9062.375,141.599609375,0,4,10,2,2
68499,16,256,15.6,Entry,11.155000000000001,1,4281.1875,267.57421875,0,3,10,3,2
45499,8,256,14.0,Budget,7.4750000000000005,1,5687.375,177.73046875,0,3,10,3,2
44499,8,256,14.0,Budget,7.4750000000000005,1,5562.375,173.82421875,0,3,10,3,2
20000,8,512,15.6,Budget,8.03,1,2500.0,39.0625,0,10,10,6,2
24999,4,512,14.0,Budget,5.95,1,6249.75,48.826171875,0,3,10,3,2
147219,4,16,15.6,Mid,6.2846874999999995,0,36804.75,9201.1875,0,3,10,3,2
26999,4,512,15.6,Budget,6.43,1,6749.75,52.732421875,0,6,10,2,2
349999,16,512,16.0,Luxury,11.350000000000001,1,21874.9375,683.591796875,1,1,1,0,3
28999,4,512,15.6,Budget,6.43,1,7249.75,56.638671875,0,2,10,5,2
94999,16,512,14.0,Entry,10.75,1,5937.4375,185.544921875,0,3,10,3,2
25999,4,256,14.1,Budget,5.904999999999999,1,6499.75,101.55859375,0,3,10,3,2
54999,8,256,14.0,Entry,7.4750000000000005,1,6874.875,214.83984375,0,6,10,2,2
32999,8,512,14.0,Budget,7.550000000000001,1,4124.875,64.451171875,0,4,10,2,2
64999,16,128,15.6,Entry,11.1175,0,4062.4375,507.8046875,0,4,10,2,2
118538,2,16,11.6,Mid,4.2846875,0,59269.0,7408.625,0,3,10,3,2
43999,8,256,15.6,Budget,7.955,1,5499.875,171.87109375,0,4,10,2,2
116999,16,512,15.4,Mid,11.170000000000002,1,7312.4375,228.513671875,1,2,11,5,3
36999,4,512,15.6,Budget,6.43,1,9249.75,72.263671875,0,3,10,3,2
49070,2,512,11.0,Budget,4.25,1,24535.0,95.83984375,0,3,6,3,4
24999,8,256,14.0,Budget,7.4750000000000005,1,3124.875,97.65234375,0,6,10,2,2
17000,4,32,15.6,Budget,6.289375,0,4250.0,531.25,0,6,10,2,2
145000,32,512,13.3,Mid,16.94,1,4531.25,283.203125,1,4,11,2,3
92999,8,256,13.3,Entry,7.265000000000001,1,11624.875,363.27734375,0,2,10,5,2
42999,8,256,14.1,Budget,7.505,1,5374.875,167.96484375,0,3,10,3,2
40499,8,256,14.0,Budget,7.4750000000000005,1,5062.375,158.19921875,0,4,10,2,2
31499,4,128,15.6,Budget,6.3175,0,7874.75,246.0859375,0,6,6,2,4
29499,8,512,15.6,Budget,8.03,1,3687.375,57.615234375,0,3,10,3,2
33999,8,128,15.6,Budget,7.9175,0,4249.875,265.6171875,0,6,10,2,2
25899,8,512,14.0,Budget,7.550000000000001,1,3237.375,50.583984375,0,3,10,3,2
74499,8,256,15.6,Entry,7.955,1,9312.375,291.01171875,0,4,10,2,2
35698,4,16,11.6,Budget,5.0846875,0,8924.5,2231.125,0,6,6,2,4
51999,8,256,14.0,Entry,7.4750000000000005,1,6499.875,203.12109375,0,4,10,2,2
161956,4,16,15.6,Premium,6.2846874999999995,0,40489.0,10122.25,0,6,10,2,2
69800,8,256,14.0,Entry,7.4750000000000005,1,8725.0,272.65625,0,3,10,3,2
79999,8,256,14.0,Entry,7.4750000000000005,1,9999.875,312.49609375,0,4,10,2,2
54999,8,512,14.1,Entry,7.58,1,6874.875,107.419921875,0,4,10,2,2
30000,4,512,15.6,Budget,6.43,1,7500.0,58.59375,0,6,10,2,2
19999,4,32,15.6,Budget,6.289375,0,4999.75,624.96875,0,4,10,2,2
47999,8,256,12.5,Budget,7.025,1,5999.875,187.49609375,0,3,10,3,2
58999,8,512,15.6,Entry,8.03,1,7374.875,115.232421875,0,4,10,2,2
85000,8,256,13.3,Entry,7.265000000000001,1,10625.0,332.03125,0,2,10,5,2
69999,16,512,14.1,Entry,10.780000000000001,1,4374.9375,136.716796875,0,3,10,3,2
52999,16,512,14.0,Entry,10.75,1,3312.4375,103.513671875,0,6,10,2,2
150187,4,16,11.6,Premium,5.0846875,0,37546.75,9386.6875,0,1,10,0,2
84999,8,256,13.3,Entry,7.265000000000001,1,10624.875,332.02734375,0,4,10,2,2
19999,4,16,15.6,Budget,6.2846874999999995,0,4999.75,1249.9375,0,3,10,3,2
45999,4,512,14.0,Budget,5.95,1,11499.75,89.841796875,0,6,11,2,3
118999,16,512,15.6,Mid,11.23,1,7437.4375,232.419921875,1,3,11,3,3
82391,4,16,15.6,Entry,6.2846874999999995,0,20597.75,5149.4375,0,6,10,2,2
43999,8,256,14.0,Budget,7.4750000000000005,1,5499.875,171.87109375,0,3,10,3,2
42000,8,256,15.6,Budget,7.955,1,5250.0,164.0625,0,6,10,2,2
148187,4,16,15.6,Mid,6.2846874999999995,0,37046.75,9261.6875,0,3,10,3,2
44999,8,256,15.6,Budget,7.955,1,5624.875,175.77734375,0,4,10,2,2
40000,4,512,17.3,Budget,6.94,1,10000.0,78.125,0,0,11,2,3
19000,2,16,15.6,Budget,5.4846875,0,9500.0,1187.5,0,4,10,2,2
57999,8,128,15.6,Entry,7.9175,0,7249.875,453.1171875,0,4,10,2,2
74999,16,512,15.6,Entry,11.23,1,4687.4375,146.482421875,0,4,10,2,2
39999,8,512,15.6,Budget,8.03,1,4999.875,78.123046875,0,6,10,2,2
45000,8,256,15.6,Budget,7.955,1,5625.0,175.78125,0,4,9,2,0
16500,4,32,15.6,Budget,6.289375,0,4125.0,515.625,0,6,6,2,4
55999,8,512,14.0,Entry,7.550000000000001,1,6999.875,109.373046875,0,4,10,2,2
122588,4,32,11.6,Mid,5.089375,0,30647.0,3830.875,0,4,10,2,2
74999,16,512,14.1,Entry,10.780000000000001,1,4687.4375,146.482421875,0,3,10,3,2
57999,8,256,14.0,Entry,7.4750000000000005,1,7249.875,226.55859375,0,4,10,2,2
69999,16,256,15.6,Entry,11.155000000000001,1,4374.9375,273.43359375,0,3,10,3,2
44999,8,256,14.0,Budget,7.4750000000000005,1,5624.875,175.77734375,0,3,10,3,2
37999,8,128,15.6,Budget,7.9175,0,4749.875,296.8671875,0,3,10,3,2
218642,4,16,15.6,Premium,6.2846874999999995,0,54660.5,13665.125,0,6,10,2,2
46999,16,128,12.5,Budget,10.1875,0,2937.4375,367.1796875,0,4,10,2,2
42499,8,256,12.5,Budget,7.025,1,5312.375,166.01171875,0,3,10,3,2
51999,8,256,14.0,Entry,7.4750000000000005,1,6499.875,203.12109375,0,6,10,2,2
85000,8,512,15.6,Entry,8.03,1,10625.0,166.015625,0,6,4,2,5
115000,16,512,15.6,Mid,11.23,1,7187.5,224.609375,1,3,11,3,3
55999,8,256,14.0,Entry,7.4750000000000005,1,6999.875,218.74609375,0,3,10,3,2
42999,8,256,14.0,Budget,7.4750000000000005,1,5374.875,167.96484375,0,6,10,2,2
45999,8,512,15.6,Budget,8.03,1,5749.875,89.841796875,0,4,10,2,2
32999,4,512,15.6,Budget,6.43,1,8249.75,64.451171875,0,3,10,3,2
44999,8,128,14.0,Budget,7.4375,0,5624.875,351.5546875,0,4,10,2,2
24999,8,128,13.3,Budget,7.227500000000001,0,3124.875,195.3046875,0,3,10,3,2
64999,8,256,15.6,Entry,7.955,1,8124.875,253.90234375,0,4,10,2,2
54999,8,256,14.1,Entry,7.505,1,6874.875,214.83984375,0,4,10,2,2
57999,16,256,14.0,Entry,10.675,1,3624.9375,226.55859375,0,3,10,3,2
90999,8,256,15.6,Entry,7.955,1,11374.875,355.46484375,0,4,10,2,2
109999,16,512,15.4,Mid,11.170000000000002,1,6874.9375,214.841796875,1,2,11,5,3
54999,8,512,15.6,Entry,8.03,1,6874.875,107.419921875,0,2,10,5,2
44000,8,512,15.6,Budget,8.03,1,5500.0,85.9375,0,6,10,2,2
72999,8,256,14.0,Entry,7.4750000000000005,1,9124.875,285.15234375,0,3,10,3,2
25999,8,512,14.0,Budget,7.550000000000001,1,3249.875,50.779296875,0,3,10,3,2
16999,4,16,14.0,Budget,5.8046875,0,4249.75,1062.4375,0,4,10,2,2
34995,8,128,13.3,Budget,7.227500000000001,0,4374.375,273.3984375,0,10,11,6,3
43999,8,256,12.5,Budget,7.025,1,5499.875,171.87109375,0,3,10,3,2
815999,16,512,14.0,Luxury,10.75,1,50999.9375,1593.748046875,1,6,11,2,3
64000,8,512,12.0,Entry,6.949999999999999,1,8000.0,125.0,0,4,10,2,2
33999,4,512,14.0,Budget,5.95,1,8499.75,66.404296875,0,4,9,2,0
116646,8,512,15.6,Mid,8.03,1,14580.75,227.82421875,0,4,10,2,2
42999,16,128,12.5,Budget,10.1875,0,2687.4375,335.9296875,0,4,10,2,2
40000,8,512,15.6,Budget,8.03,1,5000.0,78.125,0,3,10,3,2
74999,16,512,14.1,Entry,10.780000000000001,1,4687.4375,146.482421875,1,3,11,3,3
18000,2,512,15.6,Budget,5.63,1,9000.0,35.15625,0,3,6,3,4
41499,8,128,12.5,Budget,6.987500000000001,0,5187.375,324.2109375,0,4,10,2,2
32999,8,128,15.6,Budget,7.9175,0,4124.875,257.8046875,0,6,10,2,2
78999,8,512,15.6,Entry,8.03,1,9874.875,154.294921875,0,4,11,2,3
674999,32,1024,16.0,Luxury,17.900000000000002,1,21093.71875,659.1787109375,0,1,0,0,2
54999,8,256,14.0,Entry,7.4750000000000005,1,6874.875,214.83984375,0,3,10,3,2
234172,4,16,11.6,Premium,5.0846875,0,58543.0,14635.75,0,4,6,2,4
30999,4,128,13.3,Budget,5.6275,0,7749.75,242.1796875,0,2,10,5,2
15999,4,32,15.6,Budget,6.289375,0,3999.75,499.96875,0,4,10,2,2
21999,4,512,15.6,Budget,6.43,1,5499.75,42.966796875,0,6,10,2,2
40318,8,512,11.6,Budget,6.83,1,5039.75,78.74609375,0,1,10,0,2
32999,8,512,15.6,Budget,8.03,1,4124.875,64.451171875,0,3,10,3,2
28999,4,128,11.6,Budget,5.1175,0,7249.75,226.5546875,0,3,8,3,4
173999,8,512,15.6,Premium,8.03,1,21749.875,339.841796875,0,4,10,2,2
49999,8,512,14.1,Budget,7.58,1,6249.875,97.654296875,0,4,10,2,2
47499,8,128,15.6,Budget,7.9175,0,5937.375,371.0859375,0,4,10,2,2
55999,8,256,15.6,Entry,7.955,1,6999.875,218.74609375,0,4,10,2,2
35999,8,256,14.0,Budget,7.4750000000000005,1,4499.875,140.62109375,0,6,9,2,0
79899,16,512,15.6,Entry,11.23,1,4993.6875,156.052734375,0,4,10,2,2
154869,4,16,11.6,Premium,5.0846875,0,38717.25,9679.3125,0,4,10,2,2
52588,4,512,15.6,Entry,6.43,1,13147.0,102.7109375,0,6,6,2,4
41499,8,256,11.6,Budget,6.755000000000001,1,5187.375,162.10546875,0,6,9,2,0
50199,8,256,15.6,Entry,7.955,1,6274.875,196.08984375,0,3,10,3,2
24499,4,512,14.0,Budget,5.95,1,6124.75,47.849609375,0,3,10,3,2
37999,4,256,15.6,Budget,6.3549999999999995,1,9499.75,148.43359375,0,2,10,5,2
52899,8,512,14.1,Entry,7.58,1,6612.375,103.318359375,0,4,10,2,2
30000,4,16,15.6,Budget,6.2846874999999995,0,7500.0,1875.0,0,4,10,2,2
38999,8,512,15.6,Budget,8.03,1,4874.875,76.169921875,0,3,10,3,2
44999,8,512,15.6,Budget,8.03,1,5624.875,87.888671875,0,4,10,2,2
22999,4,128,15.6,Budget,6.3175,0,5749.75,179.6796875,0,6,6,2,4
199999,32,512,15.6,Premium,17.630000000000003,1,6249.96875,390.623046875,1,4,11,2,3
68000,16,512,15.6,Entry,11.23,1,4250.0,132.8125,1,3,11,3,3
54999,8,256,14.1,Entry,7.505,1,6874.875,214.83984375,0,6,10,2,2
39999,8,512,14.0,Budget,7.550000000000001,1,4999.875,78.123046875,0,4,10,2,2
74999,8,256,14.0,Entry,7.4750000000000005,1,9374.875,292.96484375,0,3,10,3,2
47999,8,128,15.6,Budget,7.9175,0,5999.875,374.9921875,0,8,10,5,2
46999,8,256,14.0,Budget,7.4750000000000005,1,5874.875,183.58984375,0,4,10,2,2
40000,8,128,14.1,Budget,7.467499999999999,0,5000.0,312.5,0,3,10,3,2
41000,8,512,15.6,Budget,8.03,1,5125.0,80.078125,0,6,10,2,2
70132,4,16,15.6,Entry,6.2846874999999995,0,17533.0,4383.25,0,3,10,3,2
241136,8,512,15.6,Premium,8.03,1,30142.0,470.96875,0,10,10,6,2
42999,8,512,14.0,Budget,7.550000000000001,1,5374.875,83.982421875,0,4,10,2,2
42999,8,256,15.6,Budget,7.955,1,5374.875,167.96484375,0,3,10,3,2
220000,32,256,16.0,Premium,17.675,1,6875.0,859.375,1,2,12,5,1
39999,8,512,15.6,Budget,8.03,1,4999.875,78.123046875,0,4,10,2,2
22499,4,256,12.5,Budget,5.425,1,5624.75,87.88671875,0,6,10,2,2
82999,8,256,14.1,Entry,7.505,1,10374.875,324.21484375,0,3,10,3,2
39999,4,256,14.0,Budget,5.875,1,9999.75,156.24609375,0,4,10,2,2
39999,8,512,15.6,Budget,8.03,1,4999.875,78.123046875,0,4,11,2,3
152499,16,512,15.6,Premium,11.23,1,9531.1875,297.849609375,1,4,11,2,3
88000,16,512,15.6,Entry,11.23,1,5500.0,171.875,1,6,11,2,3
88000,8,512,15.6,Entry,8.03,1,11000.0,171.875,0,6,4,2,5
75000,8,512,15.6,Entry,8.03,1,9375.0,146.484375,0,6,10,2,2
44999,8,256,14.0,Budget,7.4750000000000005,1,5624.875,175.77734375,0,3,10,3,2
114999,16,512,14.1,Mid,10.780000000000001,1,7187.4375,224.607421875,1,4,11,2,3
43999,4,512,13.3,Budget,5.74,1,10999.75,85.935546875,0,2,10,5,2
15999,4,32,15.6,Budget,6.289375,0,3999.75,499.96875,0,3,10,3,2
25499,4,512,14.0,Budget,5.95,1,6374.75,49.802734375,0,3,10,3,2
72999,8,256,14.1,Entry,7.505,1,9124.875,285.15234375,0,4,10,2,2
45000,8,512,15.6,Budget,8.03,1,5625.0,87.890625,0,3,11,3,3
190830,4,16,15.6,Premium,6.2846874999999995,0,47707.5,11926.875,0,6,10,2,2
52999,8,256,14.0,Entry,7.4750000000000005,1,6624.875,207.02734375,0,6,10,2,2
69999,8,256,15.6,Entry,7.955,1,8749.875,273.43359375,0,6,10,2,2
37999,8,256,12.1,Budget,6.905,1,4749.875,148.43359375,0,3,10,3,2
48999,8,256,14.0,Budget,7.4750000000000005,1,6124.875,191.40234375,0,3,10,3,2
69999,8,256,15.6,Entry,7.955,1,8749.875,273.43359375,0,6,11,2,3
36999,4,512,14.0,Budget,5.95,1,9249.75,72.263671875,0,3,10,3,2
98000,16,512,15.6,Entry,11.23,1,6125.0,191.40625,0,6,10,2,2
44999,8,128,13.3,Budget,7.227500000000001,0,5624.875,351.5546875,0,4,9,2,0
68000,16,512,15.6,Entry,11.23,1,4250.0,132.8125,0,4,9,2,0
74543,4,32,15.6,Entry,6.289375,0,18635.75,2329.46875,0,3,10,3,2
45999,4,256,13.0,Budget,5.575,1,11499.75,179.68359375,0,2,10,5,2
17999,4,32,11.6,Budget,5.089375,0,4499.75,562.46875,0,3,6,3,4
62999,8,256,15.6,Entry,7.955,1,7874.875,246.08984375,0,2,10,5,2
18000,8,512,15.6,Budget,8.03,1,2250.0,35.15625,0,4,10,2,2
42999,8,256,14.0,Budget,7.4750000000000005,1,5374.875,167.96484375,0,3,9,3,0
70572,4,16,15.6,Entry,6.2846874999999995,0,17643.0,4410.75,0,6,10,2,2
34999,4,256,15.6,Budget,6.3549999999999995,1,8749.75,136.71484375,0,3,10,3,2
42749,8,256,14.0,Budget,7.4750000000000005,1,5343.625,166.98828125,0,6,10,2,2
35995,4,16,11.6,Budget,5.0846875,0,8998.75,2249.6875,0,3,10,3,2
71499,8,256,13.3,Entry,7.265000000000001,1,8937.375,279.29296875,0,4,10,2,2
23999,4,512,15.6,Budget,6.43,1,5999.75,46.873046875,0,6,10,2,2
35499,8,128,14.0,Budget,7.4375,0,4437.375,277.3359375,0,4,10,2,2
69999,16,512,14.1,Entry,10.780000000000001,1,4374.9375,136.716796875,0,3,10,3,2
154000,8,512,15.6,Premium,8.03,1,19250.0,300.78125,0,10,11,6,3
35000,4,32,15.6,Budget,6.289375,0,8750.0,1093.75,0,6,10,2,2
37999,4,512,15.6,Budget,6.43,1,9499.75,74.216796875,0,10,10,6,2
46499,8,128,15.6,Budget,7.9175,0,5812.375,363.2734375,0,4,10,2,2
57999,8,256,14.0,Entry,7.4750000000000005,1,7249.875,226.55859375,0,4,10,2,2
107999,8,256,15.6,Mid,7.955,1,13499.875,421.87109375,0,4,10,2,2
39999,8,512,15.6,Budget,8.03,1,4999.875,78.123046875,0,4,10,2,2
29999,4,512,15.6,Budget,6.43,1,7499.75,58.591796875,0,6,10,2,2
48999,8,256,14.0,Budget,7.4750000000000005,1,6124.875,191.40234375,0,6,10,2,2
69999,16,128,15.6,Entry,11.1175,0,4374.9375,546.8671875,0,4,10,2,2
49999,16,512,15.6,Budget,11.23,1,3124.9375,97.654296875,0,6,10,2,2
20000,4,32,11.6,Budget,5.089375,0,5000.0,625.0,0,6,6,2,4
16500,4,32,11.6,Budget,5.089375,0,4125.0,515.625,0,4,10,2,2
36999,4,512,15.6,Budget,6.43,1,9249.75,72.263671875,0,4,9,2,0
90999,16,512,15.0,Entry,11.05,1,5687.4375,177.732421875,0,4,10,2,2
56179,4,16,15.6,Entry,6.2846874999999995,0,14044.75,3511.1875,0,3,10,3,2
139999,32,512,15.6,Mid,17.630000000000003,1,4374.96875,273.435546875,1,4,11,2,3
78500,8,512,15.6,Entry,8.03,1,9812.5,153.3203125,0,6,4,2,5
37999,4,256,12.5,Budget,5.425,1,9499.75,148.43359375,0,4,10,2,2
34999,8,512,14.1,Budget,7.58,1,4374.875,68.357421875,0,3,10,3,2
116999,16,1024,15.4,Mid,11.32,1,7312.4375,114.2568359375,1,2,11,5,3
39000,8,128,13.3,Budget,7.227500000000001,0,4875.0,304.6875,0,2,10,5,2
29999,4,256,14.0,Budget,5.875,1,7499.75,117.18359375,0,4,10,2,2
28999,4,128,11.6,Budget,5.1175,0,7249.75,226.5546875,0,3,8,3,4
21999,4,32,15.6,Budget,6.289375,0,5499.75,687.46875,0,3,10,3,2
79999,8,256,15.6,Entry,7.955,1,9999.875,312.49609375,0,4,10,2,2
104999,8,512,15.6,Mid,8.03,1,13124.875,205.076171875,0,4,10,2,2
60499,16,128,15.6,Entry,11.1175,0,3781.1875,472.6484375,0,4,10,2,2
46999,8,256,12.5,Budget,7.025,1,5874.875,183.58984375,0,3,10,3,2
157590,4,16,15.6,Premium,6.2846874999999995,0,39397.5,9849.375,0,6,10,2,2
78999,8,512,15.6,Entry,8.03,1,9874.875,154.294921875,0,4,11,2,3
59999,8,128,15.6,Entry,7.9175,0,7499.875,468.7421875,0,4,10,2,2
16499,4,16,15.6,Budget,6.2846874999999995,0,4124.75,1031.1875,0,3,10,3,2
23499,4,512,15.6,Budget,6.43,1,5874.75,45.896484375,0,6,10,2,2
30499,4,256,14.0,Budget,5.875,1,7624.75,119.13671875,0,6,10,2,2
198499,8,512,15.6,Premium,8.03,1,24812.375,387.693359375,0,3,11,3,3
40000,8,512,14.1,Budget,7.58,1,5000.0,78.125,0,6,10,2,2
58999,4,512,15.6,Entry,6.43,1,14749.75,115.232421875,0,4,10,2,2
60000,8,256,14.0,Entry,7.4750000000000005,1,7500.0,234.375,0,3,10,3,2
83499,8,256,14.1,Entry,7.505,1,10437.375,326.16796875,0,6,10,2,2
77999,8,256,13.3,Entry,7.265000000000001,1,9749.875,304.68359375,0,4,11,2,3
75499,8,256,13.3,Entry,7.265000000000001,1,9437.375,294.91796875,0,3,10,3,2
41999,4,128,15.6,Budget,6.3175,0,10499.75,328.1171875,0,2,10,5,2
29999,8,512,15.6,Budget,8.03,1,3749.875,58.591796875,0,3,10,3,2
77999,16,512,15.6,Entry,11.23,1,4874.9375,152.341796875,0,4,10,2,2
46999,16,256,14.0,Budget,10.675,1,2937.4375,183.58984375,0,6,10,2,2
59000,16,256,15.6,Entry,11.155000000000001,1,3687.5,230.46875,1,6,11,2,3
34999,8,512,14.1,Budget,7.58,1,4374.875,68.357421875,0,6,10,2,2
39999,8,128,15.6,Budget,7.9175,0,4999.875,312.4921875,0,3,9,3,0
49999,8,256,14.0,Budget,7.4750000000000005,1,6249.875,195.30859375,0,4,10,2,2
49999,8,256,15.6,Budget,7.955,1,6249.875,195.30859375,0,4,10,2,2
56999,8,256,14.0,Entry,7.4750000000000005,1,7124.875,222.65234375,0,4,11,2,3
40999,8,128,14.0,Budget,7.4375,0,5124.875,320.3046875,0,4,10,2,2
131327,4,16,11.6,Mid,5.0846875,0,32831.75,8207.9375,0,3,10,3,2
190499,2,16,15.6,Premium,5.4846875,0,95249.5,11906.1875,0,6,10,2,2
47999,8,128,15.6,Budget,7.9175,0,5999.875,374.9921875,0,4,10,2,2
53999,8,256,15.6,Entry,7.955,1,6749.875,210.93359375,0,3,10,3,2
46499,8,128,14.0,Budget,7.4375,0,5812.375,363.2734375,0,6,10,2,2
39999,8,256,14.1,Budget,7.505,1,4999.875,156.24609375,0,6,10,2,2
99089,4,512,11.0,Entry,5.05,1,24772.25,193.533203125,0,3,10,3,2
69999,8,512,14.1,Entry,7.58,1,8749.875,136.716796875,0,3,11,3,3
49999,8,256,15.6,Budget,7.955,1,6249.875,195.30859375,0,3,10,3,2
39499,8,512,15.6,Budget,8.03,1,4937.375,77.146484375,0,4,10,2,2
34999,8,512,14.1,Budget,7.58,1,4374.875,68.357421875,0,3,10,3,2
64999,8,256,15.6,Entry,7.955,1,8124.875,253.90234375,0,4,10,2,2
69999,8,256,14.1,Entry,7.505,1,8749.875,273.43359375,0,4,10,2,2
44999,8,256,14.0,Budget,7.4750000000000005,1,5624.875,175.77734375,0,3,10,3,2
37999,8,256,12.5,Budget,7.025,1,4749.875,148.43359375,0,6,10,2,2
77999,16,512,14.0,Entry,10.75,1,4874.9375,152.341796875,0,4,10,2,2
55999,16,512,14.0,Entry,10.75,1,3499.9375,109.373046875,0,6,10,2,2
22999,4,512,14.0,Budget,5.95,1,5749.75,44.919921875,0,3,10,3,2
41999,4,512,15.6,Budget,6.43,1,10499.75,82.029296875,0,4,10,2,2
52999,8,256,15.6,Entry,7.955,1,6624.875,207.02734375,0,3,10,3,2
42999,8,128,12.5,Budget,6.987500000000001,0,5374.875,335.9296875,0,4,10,2,2
55999,16,512,14.0,Entry,10.75,1,3499.9375,109.373046875,0,3,10,3,2
134999,8,256,15.6,Mid,7.955,1,16874.875,527.33984375,0,4,10,2,2
69499,8,256,14.1,Entry,7.505,1,8687.375,271.48046875,0,4,10,2,2
70000,8,512,15.6,Entry,8.03,1,8750.0,136.71875,0,2,10,5,2
214594,4,16,11.6,Premium,5.0846875,0,53648.5,13412.125,0,3,10,3,2
39999,8,512,14.0,Budget,7.550000000000001,1,4999.875,78.123046875,0,6,10,2,2
30499,8,256,14.0,Budget,7.4750000000000005,1,3812.375,119.13671875,0,4,10,2,2
38999,8,128,12.5,Budget,6.987500000000001,0,4874.875,304.6796875,0,3,10,3,2
45999,4,256,15.6,Budget,6.3549999999999995,1,11499.75,179.68359375,0,2,11,5,3
44999,8,256,14.1,Budget,7.505,1,5624.875,175.77734375,0,3,10,3,2
46499,8,256,12.5,Budget,7.025,1,5812.375,181.63671875,0,4,10,2,2
17500,4,32,15.6,Budget,6.289375,0,4375.0,546.875,0,1,10,0,2
37999,8,512,15.6,Budget,8.03,1,4749.875,74.216796875,0,4,10,2,2
56999,8,256,12.5,Entry,7.025,1,7124.875,222.65234375,0,4,10,2,2
64999,8,512,14.0,Entry,7.550000000000001,1,8124.875,126.951171875,0,4,10,2,2
36499,4,512,14.0,Budget,5.95,1,9124.75,71.287109375,0,4,10,2,2
40199,8,256,15.6,Budget,7.955,1,5024.875,157.02734375,0,6,10,2,2
181999,8,512,15.6,Premium,8.03,1,22749.875,355.466796875,0,3,11,3,3
41999,8,512,15.4,Budget,7.970000000000001,1,5249.875,82.029296875,0,4,10,2,2
49999,8,128,11.1,Budget,6.5675,0,6249.875,390.6171875,0,4,10,2,2
114038,4,32,11.6,Mid,5.089375,0,28509.5,3563.6875,0,1,6,0,4
120000,16,512,15.6,Mid,11.23,1,7500.0,234.375,0,4,10,2,2
56999,8,512,15.6,Entry,8.03,1,7124.875,111.326171875,0,4,10,2,2
37499,8,512,12.5,Budget,7.1,1,4687.375,73.240234375,0,4,10,2,2
28499,8,512,12.5,Budget,7.1,1,3562.375,55.662109375,0,6,10,2,2
44999,8,256,14.1,Budget,7.505,1,5624.875,175.77734375,0,3,10,3,2
113166,4,16,15.6,Mid,6.2846874999999995,0,28291.5,7072.875,0,3,10,3,2
44999,8,256,15.6,Budget,7.955,1,5624.875,175.77734375,0,6,10,2,2
162261,4,16,11.6,Premium,5.0846875,0,40565.25,10141.3125,0,4,6,2,4
24999,8,256,14.0,Budget,7.4750000000000005,1,3124.875,97.65234375,0,6,10,2,2
34999,4,512,14.0,Budget,5.95,1,8749.75,68.357421875,0,4,10,2,2
49999,16,128,14.0,Budget,10.6375,0,3124.9375,390.6171875,0,4,10,2,2
59499,8,512,15.6,Entry,8.03,1,7437.375,116.208984375,0,4,10,2,2
84999,8,256,13.3,Entry,7.265000000000001,1,10624.875,332.02734375,0,6,11,2,3
111999,8,512,15.6,Mid,8.03,1,13999.875,218.748046875,0,6,10,2,2
177080,4,16,15.6,Premium,6.2846874999999995,0,44270.0,11067.5,0,3,10,3,2
49999,8,256,14.0,Budget,7.4750000000000005,1,6249.875,195.30859375,0,6,10,2,2
74999,16,512,15.6,Entry,11.23,1,4687.4375,146.482421875,0,4,10,2,2
29999,8,256,15.6,Budget,7.955,1,3749.875,117.18359375,0,3,10,3,2
48999,16,128,14.0,Budget,10.6375,0,3062.4375,382.8046875,0,4,10,2,2
44999,8,256,15.6,Budget,7.955,1,5624.875,175.77734375,0,6,10,2,2
53999,8,256,15.6,Entry,7.955,1,6749.875,210.93359375,0,9,11,2,3
65000,8,256,13.3,Entry,7.265000000000001,1,8125.0,253.90625,0,3,10,3,2
25999,8,256,15.6,Budget,7.955,1,3249.875,101.55859375,0,3,10,3,2
41999,8,256,14.0,Budget,7.4750000000000005,1,5249.875,164.05859375,0,3,10,3,2
36999,8,512,15.6,Budget,8.03,1,4624.875,72.263671875,0,4,10,2,2
82000,16,512,12.5,Entry,10.3,1,5125.0,160.15625,1,3,11,3,3
22999,4,512,12.5,Budget,5.5,1,5749.75,44.919921875,0,6,10,2,2
34999,4,512,15.6,Budget,6.43,1,8749.75,68.357421875,0,4,10,2,2
32999,8,512,15.6,Budget,8.03,1,4124.875,64.451171875,0,3,10,3,2
48999,8,256,12.5,Budget,7.025,1,6124.875,191.40234375,0,3,11,3,3
15999,4,512,15.6,Budget,6.43,1,3999.75,31.248046875,0,6,6,2,4
53999,8,256,14.0,Entry,7.4750000000000005,1,6749.875,210.93359375,0,4,10,2,2
42999,8,256,14.1,Budget,7.505,1,5374.875,167.96484375,0,4,10,2,2
34999,8,512,14.0,Budget,7.550000000000001,1,4374.875,68.357421875,0,6,10,2,2
44999,8,256,14.0,Budget,7.4750000000000005,1,5624.875,175.77734375,0,3,10,3,2
49999,16,128,12.5,Budget,10.1875,0,3124.9375,390.6171875,0,4,10,2,2
49999,8,256,14.0,Budget,7.4750000000000005,1,6249.875,195.30859375,0,6,10,2,2
50999,8,256,14.0,Entry,7.4750000000000005,1,6374.875,199.21484375,0,1,10,0,2
36000,8,512,15.6,Budget,8.03,1,4500.0,70.3125,0,6,10,2,2
39999,8,128,12.5,Budget,6.987500000000001,0,4999.875,312.4921875,0,4,10,2,2
53999,8,512,14.0,Entry,7.550000000000001,1,6749.875,105.466796875,0,6,10,2,2
141861,4,16,15.6,Mid,6.2846874999999995,0,35465.25,8866.3125,0,6,10,2,2
42999,8,256,15.6,Budget,7.955,1,5374.875,167.96484375,0,6,10,2,2
45999,8,128,14.0,Budget,7.4375,0,5749.875,359.3671875,0,4,10,2,2
68499,8,256,15.6,Entry,7.955,1,8562.375,267.57421875,0,4,10,2,2
66999,8,128,15.6,Entry,7.9175,0,8374.875,523.4296875,0,2,10,5,2
82999,8,256,14.0,Entry,7.4750000000000005,1,10374.875,324.21484375,0,4,10,2,2
59999,8,256,15.6,Entry,7.955,1,7499.875,234.37109375,0,4,10,2,2
92999,8,256,13.0,Entry,7.175000000000001,1,11624.875,363.27734375,0,2,10,5,2
28499,8,512,14.0,Budget,7.550000000000001,1,3562.375,55.662109375,0,3,10,3,2
210000,16,512,15.6,Premium,11.23,1,13125.0,410.15625,0,3,10,3,2
147499,8,256,15.6,Mid,7.955,1,18437.375,576.16796875,0,4,10,2,2
74999,16,512,14.1,Entry,10.780000000000001,1,4687.4375,146.482421875,1,3,11,3,3
52999,8,256,15.6,Entry,7.955,1,6624.875,207.02734375,0,4,10,2,2
32999,4,512,14.0,Budget,5.95,1,8249.75,64.451171875,0,6,9,2,0
412000,8,512,15.6,Luxury,8.03,1,51500.0,804.6875,0,4,11,2,3
90499,8,256,15.6,Entry,7.955,1,11312.375,353.51171875,0,4,10,2,2
90000,16,256,15.6,Entry,11.155000000000001,1,5625.0,351.5625,0,4,10,2,2
69999,16,128,15.6,Entry,11.1175,0,4374.9375,546.8671875,0,4,10,2,2
75000,8,256,15.6,Entry,7.955,1,9375.0,292.96875,0,4,11,2,3
32999,8,256,15.6,Budget,7.955,1,4124.875,128.90234375,0,3,10,3,2
132000,32,512,15.6,Mid,17.630000000000003,1,4125.0,257.8125,1,3,11,3,3
48999,8,256,14.0,Budget,7.4750000000000005,1,6124.875,191.40234375,0,3,10,3,2
69999,8,256,14.0,Entry,7.4750000000000005,1,8749.875,273.43359375,0,6,10,2,2
51999,8,256,14.0,Entry,7.4750000000000005,1,6499.875,203.12109375,0,3,10,3,2
15499,4,32,11.6,Budget,5.089375,0,3874.75,484.34375,0,4,10,2,2
45999,8,256,14.1,Budget,7.505,1,5749.875,179.68359375,0,3,10,3,2
46999,8,512,15.6,Budget,8.03,1,5874.875,91.794921875,0,3,10,3,2
45000,8,512,14.1,Budget,7.58,1,5625.0,87.890625,0,6,10,2,2
36999,4,512,14.0,Budget,5.95,1,9249.75,72.263671875,0,3,10,3,2
32999,4,128,15.6,Budget,6.3175,0,8249.75,257.8046875,0,6,6,2,4
24999,4,512,15.6,Budget,6.43,1,6249.75,48.826171875,0,6,10,2,2
31999,8,512,14.1,Budget,7.58,1,3999.875,62.498046875,0,4,10,2,2
90000,16,256,14.1,Entry,10.705,1,5625.0,351.5625,0,6,10,2,2
48999,16,128,12.5,Budget,10.1875,0,3062.4375,382.8046875,1,4,11,2,3
31999,8,512,15.4,Budget,7.970000000000001,1,3999.875,62.498046875,0,6,10,2,2
33999,4,512,14.0,Budget,5.95,1,8499.75,66.404296875,0,6,10,2,2
69999,8,256,15.6,Entry,7.955,1,8749.875,273.43359375,0,4,11,2,3
105875,4,16,15.6,Mid,6.2846874999999995,0,26468.75,6617.1875,0,3,10,3,2
60999,8,256,12.5,Entry,7.025,1,7624.875,238.27734375,0,6,11,2,3
34999,8,512,14.1,Budget,7.58,1,4374.875,68.357421875,0,4,10,2,2
24999,8,128,14.1,Budget,7.467499999999999,0,3124.875,195.3046875,0,3,10,3,2
34999,8,512,14.1,Budget,7.58,1,4374.875,68.357421875,0,3,10,3,2
115000,16,512,15.6,Mid,11.23,1,7187.5,224.609375,0,3,4,3,5
26500,8,512,14.0,Budget,7.550000000000001,1,3312.5,51.7578125,0,3,10,3,2
42999,8,512,12.1,Budget,6.98,1,5374.875,83.982421875,0,6,10,2,2
26999,4,512,14.1,Budget,5.9799999999999995,1,6749.75,52.732421875,0,3,10,3,2
73500,16,256,15.6,Entry,11.155000000000001,1,4593.75,287.109375,1,4,11,2,3
38999,8,512,15.6,Budget,8.03,1,4874.875,76.169921875,0,4,10,2,2
45000,8,512,15.6,Budget,8.03,1,5625.0,87.890625,0,3,10,3,2
27999,4,512,15.6,Budget,6.43,1,6999.75,54.685546875,0,3,10,3,2
42999,8,256,12.5,Budget,7.025,1,5374.875,167.96484375,0,4,10,2,2
128000,16,512,15.6,Mid,11.23,1,8000.0,250.0,1,3,11,3,3
38999,8,256,11.6,Budget,6.755000000000001,1,4874.875,152.33984375,0,6,9,2,0
58999,8,512,13.3,Entry,7.34,1,7374.875,115.232421875,0,4,10,2,2
50499,8,256,14.0,Entry,7.4750000000000005,1,6312.375,197.26171875,0,4,10,2,2
49999,8,256,14.0,Budget,7.4750000000000005,1,6249.875,195.30859375,0,3,10,3,2
54999,8,128,15.6,Entry,7.9175,0,6874.875,429.6796875,0,4,10,2,2
42999,8,128,14.0,Budget,7.4375,0,5374.875,335.9296875,0,4,9,2,0
44999,4,512,15.6,Budget,6.43,1,11249.75,87.888671875,0,4,10,2,2
44999,4,512,15.6,Budget,6.43,1,11249.75,87.888671875,0,4,10,2,2
82999,8,256,14.0,Entry,7.4750000000000005,1,10374.875,324.21484375,0,3,10,3,2
192958,4,16,11.6,Premium,5.0846875,0,48239.5,12059.875,0,3,10,3,2
39999,8,512,15.6,Budget,8.03,1,4999.875,78.123046875,0,4,10,2,2
21999,4,16,14.0,Budget,5.8046875,0,5499.75,1374.9375,0,4,10,2,2
53499,8,256,14.1,Entry,7.505,1,6687.375,208.98046875,0,6,10,2,2
29999,8,512,14.0,Budget,7.550000000000001,1,3749.875,58.591796875,0,6,10,2,2
49999,4,256,13.3,Budget,5.665,1,12499.75,195.30859375,0,2,11,5,3
39999,4,128,15.6,Budget,6.3175,0,9999.75,312.4921875,0,3,9,3,0
68999,8,256,14.1,Entry,7.505,1,8624.875,269.52734375,0,4,10,2,2
65000,8,512,13.3,Entry,7.34,1,8125.0,126.953125,0,2,10,5,2
24000,4,512,14.0,Budget,5.95,1,6000.0,46.875,0,6,10,2,2
40999,4,512,15.6,Budget,6.43,1,10249.75,80.076171875,0,4,10,2,2
49999,8,128,15.6,Budget,7.9175,0,6249.875,390.6171875,0,4,10,2,2
69999,8,256,14.1,Entry,7.505,1,8749.875,273.43359375,0,4,10,2,2
79500,16,512,15.6,Entry,11.23,1,4968.75,155.2734375,0,4,9,2,0
45999,8,256,15.6,Budget,7.955,1,5749.875,179.68359375,0,4,10,2,2
109999,16,512,15.6,Mid,11.23,1,6874.9375,214.841796875,1,2,11,5,3
276999,16,1024,15.6,Luxury,11.379999999999999,1,17312.4375,270.5068359375,0,6,0,2,2
22000,4,512,14.0,Budget,5.95,1,5500.0,42.96875,0,6,10,2,2
46999,8,256,12.5,Budget,7.025,1,5874.875,183.58984375,0,3,10,3,2
60999,8,256,15.6,Entry,7.955,1,7624.875,238.27734375,0,4,10,2,2
41399,8,128,15.6,Budget,7.9175,0,5174.875,323.4296875,0,4,10,2,2
57999,16,256,14.0,Entry,10.675,1,3624.9375,226.55859375,0,6,10,2,2
51999,8,512,15.6,Entry,8.03,1,6499.875,101.560546875,0,6,10,2,2
52800,4,16,11.6,Entry,5.0846875,0,13200.0,3300.0,0,4,6,2,4
135000,16,256,15.6,Mid,11.155000000000001,1,8437.5,527.34375,0,2,10,5,2
44999,8,128,14.0,Budget,7.4375,0,5624.875,351.5546875,0,4,10,2,2
224499,16,1024,15.6,Premium,11.379999999999999,1,14031.1875,219.2373046875,1,2,12,5,1
51499,16,512,15.6,Entry,11.23,1,3218.6875,100.583984375,1,4,11,2,3
20999,4,16,15.6,Budget,6.2846874999999995,0,5249.75,1312.4375,0,3,10,3,2
87999,8,256,13.3,Entry,7.265000000000001,1,10999.875,343.74609375,0,6,10,2,2
220000,8,256,13.3,Premium,7.265000000000001,1,27500.0,859.375,0,2,3,5,5
55999,16,128,15.6,Entry,11.1175,0,3499.9375,437.4921875,0,4,10,2,2
85499,16,256,15.6,Entry,11.155000000000001,1,5343.6875,333.98046875,0,4,10,2,2
44999,8,128,14.0,Budget,7.4375,0,5624.875,351.5546875,0,4,10,2,2
34999,4,128,15.6,Budget,6.3175,0,8749.75,273.4296875,0,3,10,3,2
295000,8,512,15.6,Luxury,8.03,1,36875.0,576.171875,0,4,10,2,2
43999,8,256,14.0,Budget,7.4750000000000005,1,5499.875,171.87109375,0,6,10,2,2
40999,8,256,12.5,Budget,7.025,1,5124.875,160.15234375,0,6,10,2,2
33999,8,512,14.1,Budget,7.58,1,4249.875,66.404296875,0,3,10,3,2
35999,4,512,13.3,Budget,5.74,1,8999.75,70.310546875,0,3,10,3,2
99999,16,512,14.1,Entry,10.780000000000001,1,6249.9375,195.310546875,0,4,10,2,2
38999,8,512,15.6,Budget,8.03,1,4874.875,76.169921875,0,6,10,2,2
99999,8,128,13.5,Entry,7.2875,0,12499.875,781.2421875,0,8,10,5,2
106499,8,256,15.6,Mid,7.955,1,13312.375,416.01171875,0,3,10,3,2
84999,8,512,15.6,Entry,8.03,1,10624.875,166.013671875,0,4,10,2,2
69999,8,256,15.6,Entry,7.955,1,8749.875,273.43359375,0,3,10,3,2
37999,8,256,14.0,Budget,7.4750000000000005,1,4749.875,148.43359375,0,4,10,2,2
33999,4,512,15.6,Budget,6.43,1,8499.75,66.404296875,0,6,10,2,2
39999,8,512,15.6,Budget,8.03,1,4999.875,78.123046875,0,4,9,2,0
191207,8,512,15.6,Premium,8.03,1,23900.875,373.451171875,0,4,3,2,5
84999,8,256,15.6,Entry,7.955,1,10624.875,332.02734375,0,4,10,2,2
53999,8,256,14.0,Entry,7.4750000000000005,1,6749.875,210.93359375,0,6,10,2,2
61999,16,512,14.0,Entry,10.75,1,3874.9375,121.091796875,0,6,10,2,2
28999,4,256,15.6,Budget,6.3549999999999995,1,7249.75,113.27734375,0,3,10,3,2
155779,8,512,15.6,Premium,8.03,1,19472.375,304.255859375,0,4,3,2,5
53999,8,512,14.0,Entry,7.550000000000001,1,6749.875,105.466796875,0,6,10,2,2
39999,8,512,15.6,Budget,8.03,1,4999.875,78.123046875,0,4,10,2,2
89999,16,256,15.6,Entry,11.155000000000001,1,5624.9375,351.55859375,1,2,11,5,3
53999,8,512,15.6,Entry,8.03,1,6749.875,105.466796875,0,6,10,2,2
94500,16,512,15.6,Entry,11.23,1,5906.25,184.5703125,1,4,11,2,3
319999,16,512,15.6,Luxury,11.23,1,19999.9375,624.998046875,1,1,11,0,3
149999,16,512,15.6,Mid,11.23,1,9374.9375,292.966796875,1,2,12,5,1
55429,8,128,14.0,Entry,7.4375,0,6928.625,433.0390625,0,4,10,2,2
120000,32,512,15.6,Mid,17.630000000000003,1,3750.0,234.375,0,6,10,2,2
25999,8,512,14.0,Budget,7.550000000000001,1,3249.875,50.779296875,0,3,10,3,2
49999,8,256,15.6,Budget,7.955,1,6249.875,195.30859375,0,4,10,2,2
32999,8,128,15.6,Budget,7.9175,0,4124.875,257.8046875,0,4,10,2,2
163999,32,512,16.0,Premium,17.75,1,5124.96875,320.310546875,1,2,11,5,3
52999,8,512,14.1,Entry,7.58,1,6624.875,103.513671875,0,3,10,3,2
52999,8,256,15.6,Entry,7.955,1,6624.875,207.02734375,0,6,10,2,2
32999,8,512,15.6,Budget,8.03,1,4124.875,64.451171875,0,3,10,3,2
42999,4,512,14.0,Budget,5.95,1,10749.75,83.982421875,0,6,10,2,2
89999,8,256,14.0,Entry,7.4750000000000005,1,11249.875,351.55859375,0,3,10,3,2
39499,8,256,14.0,Budget,7.4750000000000005,1,4937.375,154.29296875,0,3,10,3,2
419999,16,512,16.0,Luxury,11.350000000000001,1,26249.9375,820.310546875,0,1,0,0,2
19999,4,16,11.6,Budget,5.0846875,0,4999.75,1249.9375,0,3,10,3,2
33000,8,256,15.6,Budget,7.955,1,4125.0,128.90625,0,3,10,3,2
25489,8,512,14.0,Budget,7.550000000000001,1,3186.125,49.783203125,0,3,10,3,2
162884,4,16,15.6,Premium,6.2846874999999995,0,40721.0,10180.25,0,6,10,2,2
34899,4,512,14.0,Budget,5.95,1,8724.75,68.162109375,0,4,10,2,2
63499,8,512,15.6,Entry,8.03,1,7937.375,124.021484375,0,3,10,3,2
45999,16,256,14.0,Budget,10.675,1,2874.9375,179.68359375,0,4,10,2,2
75000,16,256,15.6,Entry,11.155000000000001,1,4687.5,292.96875,0,3,10,3,2
63999,8,256,14.0,Entry,7.4750000000000005,1,7999.875,249.99609375,0,4,10,2,2
94999,16,512,14.0,Entry,10.75,1,5937.4375,185.544921875,0,3,10,3,2
36999,4,512,11.6,Budget,5.23,1,9249.75,72.263671875,0,3,8,3,4
64999,16,512,13.3,Entry,10.540000000000001,1,4062.4375,126.951171875,0,3,10,3,2
35000,8,128,15.6,Budget,7.9175,0,4375.0,273.4375,0,2,10,5,2
34999,8,256,12.1,Budget,6.905,1,4374.875,136.71484375,0,3,10,3,2
42000,8,256,15.6,Budget,7.955,1,5250.0,164.0625,0,4,10,2,2
44999,8,256,14.0,Budget,7.4750000000000005,1,5624.875,175.77734375,0,6,10,2,2
42999,8,128,13.0,Budget,7.1375,0,5374.875,335.9296875,0,2,11,5,3
31999,4,512,14.1,Budget,5.9799999999999995,1,7999.75,62.498046875,0,3,10,3,2
35999,8,512,14.0,Budget,7.550000000000001,1,4499.875,70.310546875,0,3,10,3,2
107500,8,512,15.6,Mid,8.03,1,13437.5,209.9609375,0,4,9,2,0
32999,4,512,14.0,Budget,5.95,1,8249.75,64.451171875,0,6,9,2,0
41499,8,512,14.0,Budget,7.550000000000001,1,5187.375,81.052734375,0,4,10,2,2
29999,8,512,12.5,Budget,7.1,1,3749.875,58.591796875,0,6,10,2,2
22999,8,16,11.6,Budget,6.684687500000001,0,2874.875,1437.4375,0,1,10,0,2
61725,8,512,15.6,Entry,8.03,1,7715.625,120.556640625,0,4,10,2,2
22000,4,16,15.6,Budget,6.2846874999999995,0,5500.0,1375.0,0,4,10,2,2
71499,4,32,11.6,Entry,5.089375,0,17874.75,2234.34375,0,6,10,2,2
54999,8,512,13.3,Entry,7.34,1,6874.875,107.419921875,0,4,9,2,0
51499,8,128,15.6,Entry,7.9175,0,6437.375,402.3359375,0,4,10,2,2
49999,8,512,14.1,Budget,7.58,1,6249.875,97.654296875,0,3,10,3,2
42999,8,512,15.6,Budget,8.03,1,5374.875,83.982421875,0,4,10,2,2
150000,8,512,13.3,Mid,7.34,1,18750.0,292.96875,0,2,10,5,2
50999,8,256,12.5,Entry,7.025,1,6374.875,199.21484375,0,3,10,3,2
53999,8,256,15.6,Entry,7.955,1,6749.875,210.93359375,0,3,10,3,2
25499,4,512,14.0,Budget,5.95,1,6374.75,49.802734375,0,3,10,3,2
236499,16,512,15.6,Premium,11.23,1,14781.1875,461.912109375,1,4,11,2,3
61499,8,256,14.1,Entry,7.505,1,7687.375,240.23046875,0,3,10,3,2
58999,8,256,14.1,Entry,7.505,1,7374.875,230.46484375,0,4,11,2,3
25499,8,512,14.0,Budget,7.550000000000001,1,3187.375,49.802734375,0,3,10,3,2
54499,8,512,14.1,Entry,7.58,1,6812.375,106.443359375,0,4,11,2,3
35999,8,512,14.1,Budget,7.58,1,4499.875,70.310546875,0,3,10,3,2
140000,16,512,15.6,Mid,11.23,1,8750.0,273.4375,1,2,11,5,3
51499,8,256,12.5,Entry,7.025,1,6437.375,201.16796875,0,3,10,3,2
27999,8,512,12.1,Budget,6.98,1,3499.875,54.685546875,0,6,10,2,2
16499,4,16,15.6,Budget,6.2846874999999995,0,4124.75,1031.1875,0,6,10,2,2
37000,4,512,14.0,Budget,5.95,1,9250.0,72.265625,0,3,9,3,0
38099,8,512,15.6,Budget,8.03,1,4762.375,74.412109375,0,3,10,3,2
15500,2,128,11.6,Budget,4.3175,0,7750.0,121.09375,0,1,6,0,4
19499,4,16,15.6,Budget,6.2846874999999995,0,4874.75,1218.6875,0,6,6,2,4
37999,8,512,15.6,Budget,8.03,1,4749.875,74.216796875,0,3,10,3,2
974999,64,1024,18.0,Luxury,31.3,1,15234.359375,952.1474609375,0,1,0,0,2
53999,8,256,15.6,Entry,7.955,1,6749.875,210.93359375,0,6,11,2,3
33499,4,512,14.0,Budget,5.95,1,8374.75,65.427734375,0,4,9,2,0
47999,8,512,14.1,Budget,7.58,1,5999.875,93.748046875,0,3,10,3,2
48999,16,256,14.0,Budget,10.675,1,3062.4375,191.40234375,0,3,10,3,2
50000,16,256,15.6,Budget,11.155000000000001,1,3125.0,195.3125,0,6,10,2,2
41999,8,512,15.6,Budget,8.03,1,5249.875,82.029296875,0,4,10,2,2
54999,8,256,15.6,Entry,7.955,1,6874.875,214.83984375,0,3,10,3,2
65999,8,256,14.0,Entry,7.4750000000000005,1,8249.875,257.80859375,0,4,10,2,2
89999,16,512,15.6,Entry,11.23,1,5624.9375,175.779296875,1,4,11,2,3
36999,8,512,15.6,Budget,8.03,1,4624.875,72.263671875,0,4,10,2,2
199999,16,512,15.6,Premium,11.23,1,12499.9375,390.623046875,1,3,11,3,3
50000,8,128,15.6,Budget,7.9175,0,6250.0,390.625,0,4,10,2,2
239999,16,512,15.6,Premium,11.23,1,14999.9375,468.748046875,1,4,11,2,3
55999,16,128,14.0,Entry,10.6375,0,3499.9375,437.4921875,0,4,9,2,0
143258,8,16,11.6,Mid,6.684687500000001,0,17907.25,8953.625,0,1,6,0,4
51999,8,256,14.0,Entry,7.4750000000000005,1,6499.875,203.12109375,0,3,10,3,2
44999,8,128,12.5,Budget,6.987500000000001,0,5624.875,351.5546875,0,4,10,2,2
34999,8,512,15.6,Budget,8.03,1,4374.875,68.357421875,0,3,10,3,2
115999,8,512,15.6,Mid,8.03,1,14499.875,226.560546875,0,3,10,3,2
98000,16,512,15.6,Entry,11.23,1,6125.0,191.40625,0,6,10,2,2
38499,8,256,14.1,Budget,7.505,1,4812.375,150.38671875,0,3,10,3,2
924999,32,1024,18.0,Luxury,18.5,1,28906.21875,903.3193359375,0,1,0,0,2
47999,8,256,15.6,Budget,7.955,1,5999.875,187.49609375,0,6,10,2,2
72102,4,16,15.6,Entry,6.2846874999999995,0,18025.5,4506.375,0,6,10,2,2
99499,16,256,15.6,Entry,11.155000000000001,1,6218.6875,388.66796875,0,6,10,2,2
38899,8,512,14.1,Budget,7.58,1,4862.375,75.974609375,0,3,11,3,3
29999,8,512,15.6,Budget,8.03,1,3749.875,58.591796875,0,4,3,2,5
67000,8,512,15.6,Entry,8.03,1,8375.0,130.859375,0,4,9,2,0
49999,8,256,12.5,Budget,7.025,1,6249.875,195.30859375,0,4,11,2,3
28000,4,32,11.6,Budget,5.089375,0,7000.0,875.0,0,6,10,2,2
32999,4,128,11.6,Budget,5.1175,0,8249.75,257.8046875,0,3,8,3,4
224999,8,512,15.6,Premium,8.03,1,28124.875,439.451171875,0,3,10,3,2
549999,16,1024,16.0,Luxury,11.5,1,34374.9375,537.1083984375,0,1,0,0,2
45000,4,32,15.6,Budget,6.289375,0,11250.0,1406.25,0,3,10,3,2
59499,16,128,15.6,Entry,11.1175,0,3718.6875,464.8359375,0,4,10,2,2
155999,32,512,15.4,Premium,17.57,1,4874.96875,304.685546875,1,2,12,5,1
49999,8,256,15.6,Budget,7.955,1,6249.875,195.30859375,0,6,10,2,2
55000,16,256,15.6,Entry,11.155000000000001,1,3437.5,214.84375,0,6,10,2,2
36999,8,512,15.6,Budget,8.03,1,4624.875,72.263671875,0,3,10,3,2
49999,8,512,12.5,Budget,7.1,1,6249.875,97.654296875,0,4,11,2,3
31999,8,512,12.1,Budget,6.98,1,3999.875,62.498046875,0,6,10,2,2
61499,8,256,14.1,Entry,7.505,1,7687.375,240.23046875,0,3,11,3,3
104999,8,256,14.1,Mid,7.505,1,13124.875,410.15234375,0,6,10,2,2
34499,8,512,12.5,Budget,7.1,1,4312.375,67.380859375,0,6,10,2,2
57999,8,512,14.0,Entry,7.550000000000001,1,7249.875,113.279296875,0,3,10,3,2
53999,16,512,14.0,Entry,10.75,1,3374.9375,105.466796875,0,3,10,3,2
52499,8,256,14.1,Entry,7.505,1,6562.375,205.07421875,0,4,10,2,2
118000,8,256,14.0,Mid,7.4750000000000005,1,14750.0,460.9375,0,4,4,2,5
49999,8,256,15.6,Budget,7.955,1,6249.875,195.30859375,0,4,10,2,2
37999,8,512,15.6,Budget,8.03,1,4749.875,74.216796875,0,4,10,2,2
45000,8,512,14.0,Budget,7.550000000000001,1,5625.0,87.890625,0,3,10,3,2
31999,8,256,14.0,Budget,7.4750000000000005,1,3999.875,124.99609375,0,6,10,2,2
39999,8,256,15.6,Budget,7.955,1,4999.875,156.24609375,0,4,10,2,2
33000,4,128,11.6,Budget,5.1175,0,8250.0,257.8125,0,3,8,3,4
42999,8,256,14.0,Budget,7.4750000000000005,1,5374.875,167.96484375,0,6,10,2,2
17799,4,16,11.6,Budget,5.0846875,0,4449.75,1112.4375,0,3,10,3,2
48999,8,512,14.0,Budget,7.550000000000001,1,6124.875,95.701171875,0,6,10,2,2
97999,8,256,15.6,Entry,7.955,1,12249.875,382.80859375,0,3,10,3,2
59999,16,128,15.6,Entry,11.1175,0,3749.9375,468.7421875,0,4,10,2,2
54999,8,256,15.6,Entry,7.955,1,6874.875,214.83984375,0,3,10,3,2
26999,8,128,14.1,Budget,7.467499999999999,0,3374.875,210.9296875,0,3,10,3,2
34499,8,512,15.6,Budget,8.03,1,4312.375,67.380859375,0,3,10,3,2
37000,8,512,14.0,Budget,7.550000000000001,1,4625.0,72.265625,0,3,10,3,2
37999,4,512,15.6,Budget,6.43,1,9499.75,74.216796875,0,6,10,2,2
60999,8,256,14.1,Entry,7.505,1,7624.875,238.27734375,0,3,11,3,3
69999,16,512,14.0,Entry,10.75,1,4374.9375,136.716796875,0,3,10,3,2
98000,16,512,15.6,Entry,11.23,1,6125.0,191.40625,0,6,4,2,5
53000,8,512,15.6,Entry,8.03,1,6625.0,103.515625,0,6,10,2,2
46999,8,512,14.0,Budget,7.550000000000001,1,5874.875,91.794921875,0,4,10,2,2
25000,4,16,15.6,Budget,6.2846874999999995,0,6250.0,1562.5,0,6,10,2,2
52999,8,128,14.1,Entry,7.467499999999999,0,6624.875,414.0546875,0,6,10,2,2
31999,8,256,15.6,Budget,7.955,1,3999.875,124.99609375,0,3,10,3,2
49999,8,256,15.6,Budget,7.955,1,6249.875,195.30859375,0,3,10,3,2
68999,8,256,15.6,Entry,7.955,1,8624.875,269.52734375,0,4,10,2,2
43999,8,256,14.0,Budget,7.4750000000000005,1,5499.875,171.87109375,0,4,10,2,2
34999,8,512,14.1,Budget,7.58,1,4374.875,68.357421875,0,3,10,3,2
169999,8,512,13.0,Premium,7.25,1,21249.875,332.029296875,0,2,10,5,2
45999,8,512,12.1,Budget,6.98,1,5749.875,89.841796875,0,6,10,2,2
50999,8,256,12.5,Entry,7.025,1,6374.875,199.21484375,0,10,10,6,2
48999,8,128,14.0,Budget,7.4375,0,6124.875,382.8046875,0,3,10,3,2
68000,8,256,15.6,Entry,7.955,1,8500.0,265.625,0,6,11,2,3
120314,4,16,11.6,Mid,5.0846875,0,30078.5,7519.625,0,4,6,2,4
20000,8,512,15.6,Budget,8.03,1,2500.0,39.0625,0,4,10,2,2
30999,8,128,15.6,Budget,7.9175,0,3874.875,242.1796875,0,3,10,3,2
44999,8,256,14.0,Budget,7.4750000000000005,1,5624.875,175.77734375,0,3,10,3,2
57999,8,256,15.6,Entry,7.955,1,7249.875,226.55859375,0,3,10,3,2
90000,16,512,14.0,Entry,10.75,1,5625.0,175.78125,1,6,11,2,3
41999,4,512,15.6,Budget,6.43,1,10499.75,82.029296875,0,3,10,3,2
41999,8,512,14.0,Budget,7.550000000000001,1,5249.875,82.029296875,0,4,10,2,2
46599,8,256,14.1,Budget,7.505,1,5824.875,182.02734375,0,4,10,2,2
139999,32,512,15.4,Mid,17.57,1,4374.96875,273.435546875,1,2,12,5,1
233281,8,512,15.6,Premium,8.03,1,29160.125,455.626953125,0,10,10,6,2
44999,8,256,12.5,Budget,7.025,1,5624.875,175.77734375,0,3,10,3,2
150000,8,256,15.6,Mid,7.955,1,18750.0,585.9375,0,4,11,2,3
54000,8,256,14.0,Entry,7.4750000000000005,1,6750.0,210.9375,0,6,11,2,3
54999,16,512,15.6,Entry,11.23,1,3437.4375,107.419921875,0,3,10,3,2
39999,8,512,14.0,Budget,7.550000000000001,1,4999.875,78.123046875,0,3,10,3,2
51999,8,512,15.6,Entry,8.03,1,6499.875,101.560546875,0,6,10,2,2
38999,8,512,14.1,Budget,7.58,1,4874.875,76.169921875,0,3,10,3,2
108650,8,512,15.6,Mid,8.03,1,13581.25,212.20703125,0,3,9,3,0
63499,8,256,15.6,Entry,7.955,1,7937.375,248.04296875,0,4,10,2,2
51999,8,256,13.0,Entry,7.175000000000001,1,6499.875,203.12109375,0,2,11,5,3
53999,8,256,15.6,Entry,7.955,1,6749.875,210.93359375,0,3,10,3,2
53999,8,256,14.0,Entry,7.4750000000000005,1,6749.875,210.93359375,0,3,10,3,2
42999,8,256,15.6,Budget,7.955,1,5374.875,167.96484375,0,6,10,2,2
75999,8,256,14.1,Entry,7.505,1,9499.875,296.87109375,0,4,10,2,2
53500,8,512,15.6,Entry,8.03,1,6687.5,104.4921875,0,4,10,2,2
120000,16,512,15.6,Mid,11.23,1,7500.0,234.375,0,4,10,2,2
108999,8,512,15.6,Mid,8.03,1,13624.875,212.888671875,0,4,10,2,2
60000,8,256,12.5,Entry,7.025,1,7500.0,234.375,0,4,10,2,2
53999,8,256,14.0,Entry,7.4750000000000005,1,6749.875,210.93359375,0,6,10,2,2
58999,8,256,15.6,Entry,7.955,1,7374.875,230.46484375,0,4,10,2,2
35000,8,512,15.6,Budget,8.03,1,4375.0,68.359375,0,6,10,2,2
190322,4,16,15.6,Premium,6.2846874999999995,0,47580.5,11895.125,0,3,10,3,2
41999,8,256,14.1,Budget,7.505,1,5249.875,164.05859375,0,4,10,2,2
59999,16,128,15.6,Entry,11.1175,0,3749.9375,468.7421875,0,4,10,2,2
61999,8,256,14.0,Entry,7.4750000000000005,1,7749.875,242.18359375,0,3,10,3,2
22500,4,128,12.0,Budget,5.2375,0,5625.0,175.78125,0,6,6,2,4
22999,8,16,11.6,Budget,6.684687500000001,0,2874.875,1437.4375,0,1,10,0,2
76999,16,512,15.6,Entry,11.23,1,4812.4375,150.388671875,1,9,11,2,3
40000,8,256,15.6,Budget,7.955,1,5000.0,156.25,0,3,10,3,2
52999,8,256,15.6,Entry,7.955,1,6624.875,207.02734375,0,3,10,3,2
374999,16,512,15.6,Luxury,11.23,1,23437.4375,732.419921875,0,2,3,5,5
155000,16,256,15.6,Premium,11.155000000000001,1,9687.5,605.46875,1,2,11,5,3
225000,8,512,13.3,Premium,7.34,1,28125.0,439.453125,0,2,3,5,5
48999,8,128,15.6,Budget,7.9175,0,6124.875,382.8046875,0,4,10,2,2
32000,8,512,15.6,Budget,8.03,1,4000.0,62.5,0,4,10,2,2
54999,8,512,15.6,Entry,8.03,1,6874.875,107.419921875,0,2,11,5,3
316499,32,512,15.6,Luxury,17.630000000000003,1,9890.59375,618.162109375,1,3,11,3,3
99999,8,512,15.6,Entry,8.03,1,12499.875,195.310546875,0,4,10,2,2
55999,8,256,14.1,Entry,7.505,1,6999.875,218.74609375,0,4,10,2,2
234999,8,512,15.6,Premium,8.03,1,29374.875,458.982421875,0,4,10,2,2
37500,8,256,15.6,Budget,7.955,1,4687.5,146.484375,0,6,10,2,2
37900,8,128,15.6,Budget,7.9175,0,4737.5,296.09375,0,6,10,2,2
94999,8,512,14.0,Entry,7.550000000000001,1,11874.875,185.544921875,0,3,10,3,2
42999,8,128,15.6,Budget,7.9175,0,5374.875,335.9296875,0,3,6,3,4
49999,4,256,15.6,Budget,6.3549999999999995,1,12499.75,195.30859375,0,2,10,5,2
38499,8,512,15.6,Budget,8.03,1,4812.375,75.193359375,0,3,10,3,2
93999,16,512,15.6,Entry,11.23,1,5874.9375,183.591796875,0,4,10,2,2
67999,8,256,15.6,Entry,7.955,1,8499.875,265.62109375,0,4,10,2,2
120000,16,512,15.6,Mid,11.23,1,7500.0,234.375,0,3,10,3,2
213679,2,16,11.6,Premium,4.2846875,0,106839.5,13354.9375,0,4,10,2,2
64999,16,512,14.1,Entry,10.780000000000001,1,4062.4375,126.951171875,0,3,10,3,2
51999,16,256,14.0,Entry,10.675,1,3249.9375,203.12109375,1,3,11,3,3
97000,16,512,14.0,Entry,10.75,1,6062.5,189.453125,0,4,10,2,2
29999,4,256,14.0,Budget,5.875,1,7499.75,117.18359375,0,6,10,2,2
41999,8,256,12.5,Budget,7.025,1,5249.875,164.05859375,0,6,10,2,2
54999,8,256,14.0,Entry,7.4750000000000005,1,6874.875,214.83984375,0,6,10,2,2
33000,8,128,15.6,Budget,7.9175,0,4125.0,257.8125,0,6,10,2,2
44999,8,512,15.6,Budget,8.03,1,5624.875,87.888671875,0,2,10,5,2
69999,16,256,14.0,Entry,10.675,1,4374.9375,273.43359375,0,6,10,2,2
46999,16,256,14.0,Budget,10.675,1,2937.4375,183.58984375,0,6,10,2,2
125000,16,256,13.3,Mid,10.465,1,7812.5,488.28125,0,2,10,5,2
56000,8,128,13.3,Entry,7.227500000000001,0,7000.0,437.5,0,2,10,5,2
78000,8,256,15.6,Entry,7.955,1,9750.0,304.6875,0,4,10,2,2
120000,8,256,15.6,Mid,7.955,1,15000.0,468.75,0,6,10,2,2
79999,16,512,15.6,Entry,11.23,1,4999.9375,156.248046875,0,6,10,2,2
99999,16,512,15.6,Entry,11.23,1,6249.9375,195.310546875,1,4,11,2,3
45999,8,512,15.6,Budget,8.03,1,5749.875,89.841796875,0,4,10,2,2
69999,16,256,14.0,Entry,10.675,1,4374.9375,273.43359375,0,3,10,3,2
64999,16,512,14.0,Entry,10.75,1,4062.4375,126.951171875,0,3,10,3,2
38000,4,128,13.0,Budget,5.5375,0,9500.0,296.875,0,2,10,5,2
40000,4,32,15.6,Budget,6.289375,0,10000.0,1250.0,0,3,10,3,2
40000,8,512,14.0,Budget,7.550000000000001,1,5000.0,78.125,0,3,10,3,2
55000,8,256,15.6,Entry,7.955,1,6875.0,214.84375,0,10,10,6,2
61999,8,512,15.6,Entry,8.03,1,7749.875,121.091796875,0,3,10,3,2
144999,16,512,15.6,Mid,11.23,1,9062.4375,283.201171875,1,2,11,5,3
165999,8,512,15.6,Premium,8.03,1,20749.875,324.216796875,0,10,10,6,2
102000,8,256,14.1,Mid,7.505,1,12750.0,398.4375,0,4,10,2,2
49999,8,256,14.0,Budget,7.4750000000000005,1,6249.875,195.30859375,0,3,10,3,2
47999,8,256,14.0,Budget,7.4750000000000005,1,5999.875,187.49609375,0,6,10,2,2
50000,4,128,13.3,Budget,5.6275,0,12500.0,390.625,0,2,10,5,2
54999,8,256,13.3,Entry,7.265000000000001,1,6874.875,214.83984375,0,2,10,5,2
81999,16,512,15.6,Entry,11.23,1,5124.9375,160.154296875,0,4,10,2,2
15500,4,16,11.6,Budget,5.0846875,0,3875.0,968.75,0,1,10,0,2
65000,8,256,14.1,Entry,7.505,1,8125.0,253.90625,0,4,10,2,2
48000,8,512,15.6,Budget,8.03,1,6000.0,93.75,0,3,10,3,2
150000,8,256,13.3,Mid,7.265000000000001,1,18750.0,585.9375,0,2,10,5,2
84000,16,256,15.6,Entry,11.155000000000001,1,5250.0,328.125,0,6,10,2,2
395000,16,512,14.0,Luxury,10.75,1,24687.5,771.484375,0,2,3,5,5
73499,8,512,15.6,Entry,8.03,1,9187.375,143.552734375,0,4,10,2,2
28000,8,256,15.6,Budget,7.955,1,3500.0,109.375,0,3,10,3,2
249999,16,512,15.6,Premium,11.23,1,15624.9375,488.279296875,1,2,12,5,1
69999,16,512,15.6,Entry,11.23,1,4374.9375,136.716796875,0,3,10,3,2
50000,8,256,15.6,Budget,7.955,1,6250.0,195.3125,0,3,10,3,2
66999,8,256,15.6,Entry,7.955,1,8374.875,261.71484375,0,4,10,2,2
46999,8,512,12.5,Budget,7.1,1,5874.875,91.794921875,0,3,10,3,2
72999,8,256,14.0,Entry,7.4750000000000005,1,9124.875,285.15234375,0,4,10,2,2
49999,8,128,14.0,Budget,7.4375,0,6249.875,390.6171875,0,3,10,3,2
59999,8,256,14.0,Entry,7.4750000000000005,1,7499.875,234.37109375,0,6,10,2,2
16900,4,16,15.6,Budget,6.2846874999999995,0,4225.0,1056.25,0,1,10,0,2
715499,8,1024,15.6,Luxury,8.18,1,89437.375,698.7294921875,0,6,11,2,3
299499,8,512,15.6,Luxury,8.03,1,37437.375,584.958984375,0,7,10,1,2
70859,16,256,15.6,Entry,11.155000000000001,1,4428.6875,276.79296875,0,4,10,2,2
122999,16,512,15.6,Mid,11.23,1,7687.4375,240.232421875,0,3,10,3,2
51999,8,256,13.3,Entry,7.265000000000001,1,6499.875,203.12109375,0,3,10,3,2
311000,8,512,15.6,Luxury,8.03,1,38875.0,607.421875,0,4,0,2,2
109999,16,512,15.6,Mid,11.23,1,6874.9375,214.841796875,1,2,11,5,3
41500,8,512,15.6,Budget,8.03,1,5187.5,81.0546875,0,6,9,2,0
290000,16,512,15.6,Luxury,11.23,1,18125.0,566.40625,1,4,11,2,3
49999,8,128,15.6,Budget,7.9175,0,6249.875,390.6171875,0,2,10,5,2
55999,8,256,14.0,Entry,7.4750000000000005,1,6999.875,218.74609375,0,3,10,3,2
35989,4,512,14.0,Budget,5.95,1,8997.25,70.291015625,0,10,9,6,0
35000,8,128,13.3,Budget,7.227500000000001,0,4375.0,273.4375,0,2,10,5,2
94999,16,512,13.3,Entry,10.540000000000001,1,5937.4375,185.544921875,1,4,11,2,3
90000,8,256,14.0,Entry,7.4750000000000005,1,11250.0,351.5625,0,6,10,2,2
17500,8,512,15.6,Budget,8.03,1,2187.5,34.1796875,0,1,10,0,2
64500,8,512,15.6,Entry,8.03,1,8062.5,125.9765625,0,1,9,0,0
64999,8,256,15.6,Entry,7.955,1,8124.875,253.90234375,0,6,11,2,3
109999,16,512,15.6,Mid,11.23,1,6874.9375,214.841796875,0,4,10,2,2
59999,8,512,14.1,Entry,7.58,1,7499.875,117.185546875,0,6,10,2,2
479999,16,1024,16.0,Luxury,11.5,1,29999.9375,468.7490234375,0,1,0,0,2
38499,8,128,11.1,Budget,6.5675,0,4812.375,300.7734375,0,4,10,2,2
99000,8,512,14.0,Entry,7.550000000000001,1,12375.0,193.359375,0,3,10,3,2
69999,8,256,15.6,Entry,7.955,1,8749.875,273.43359375,0,2,10,5,2
105499,8,256,13.3,Mid,7.265000000000001,1,13187.375,412.10546875,0,4,10,2,2
151000,4,1024,15.6,Premium,6.58,1,37750.0,147.4609375,0,6,6,2,4
54999,8,256,14.1,Entry,7.505,1,6874.875,214.83984375,0,4,10,2,2
79999,8,512,15.6,Entry,8.03,1,9999.875,156.248046875,0,3,10,3,2
84999,8,512,15.6,Entry,8.03,1,10624.875,166.013671875,0,4,10,2,2
120000,16,256,13.3,Mid,10.465,1,7500.0,468.75,1,2,11,5,3
69999,8,256,15.6,Entry,7.955,1,8749.875,273.43359375,0,4,10,2,2
69999,16,512,14.0,Entry,10.75,1,4374.9375,136.716796875,0,6,10,2,2
49999,8,256,14.0,Budget,7.4750000000000005,1,6249.875,195.30859375,0,6,10,2,2
52999,8,256,15.6,Entry,7.955,1,6624.875,207.02734375,0,3,10,3,2
16500,4,512,15.6,Budget,6.43,1,4125.0,32.2265625,0,3,10,3,2
40000,8,128,13.3,Budget,7.227500000000001,0,5000.0,312.5,0,2,10,5,2
84999,16,512,14.0,Entry,10.75,1,5312.4375,166.013671875,0,3,10,3,2
60000,8,512,15.6,Entry,8.03,1,7500.0,117.1875,0,3,11,3,3
60000,8,128,13.3,Entry,7.227500000000001,0,7500.0,468.75,0,2,10,5,2
58999,8,512,12.5,Entry,7.1,1,7374.875,115.232421875,0,6,11,2,3
16500,4,32,15.6,Budget,6.289375,0,4125.0,515.625,0,6,6,2,4
132999,8,128,13.0,Mid,7.1375,0,16624.875,1039.0546875,0,2,10,5,2
51999,8,256,15.6,Entry,7.955,1,6499.875,203.12109375,0,4,10,2,2
37000,8,512,15.6,Budget,8.03,1,4625.0,72.265625,0,3,10,3,2
16000,2,16,15.6,Budget,5.4846875,0,8000.0,1000.0,0,3,10,3,2
24850,8,512,15.6,Budget,8.03,1,3106.25,48.53515625,0,1,10,0,2
45000,8,128,15.6,Budget,7.9175,0,5625.0,351.5625,0,2,10,5,2
69999,8,512,15.6,Entry,8.03,1,8749.875,136.716796875,0,1,10,0,2
58999,4,128,15.6,Entry,6.3175,0,14749.75,460.9296875,0,2,10,5,2
93999,8,256,15.6,Entry,7.955,1,11749.875,367.18359375,0,3,10,3,2
41999,8,256,14.1,Budget,7.505,1,5249.875,164.05859375,0,4,11,2,3
110845,4,32,15.6,Mid,6.289375,0,27711.25,3463.90625,0,3,10,3,2
51999,16,256,14.0,Entry,10.675,1,3249.9375,203.12109375,0,4,10,2,2
49999,8,256,14.0,Budget,7.4750000000000005,1,6249.875,195.30859375,0,3,10,3,2
68999,16,512,14.1,Entry,10.780000000000001,1,4312.4375,134.763671875,1,4,11,2,3
63999,16,512,15.6,Entry,11.23,1,3999.9375,124.998046875,0,3,10,3,2
41999,8,512,15.6,Budget,8.03,1,5249.875,82.029296875,0,4,10,2,2
150000,8,512,15.6,Mid,8.03,1,18750.0,292.96875,0,3,11,3,3
60000,8,256,14.0,Entry,7.4750000000000005,1,7500.0,234.375,0,3,10,3,2
65499,8,256,14.1,Entry,7.505,1,8187.375,255.85546875,0,3,10,3,2
34999,8,256,15.6,Budget,7.955,1,4374.875,136.71484375,0,4,10,2,2
79999,8,512,15.6,Entry,8.03,1,9999.875,156.248046875,0,4,10,2,2
46000,8,256,15.6,Budget,7.955,1,5750.0,179.6875,0,3,10,3,2
140000,16,512,15.6,Mid,11.23,1,8750.0,273.4375,1,4,11,2,3
26500,4,256,15.6,Budget,6.3549999999999995,1,6625.0,103.515625,0,4,9,2,0
51000,8,256,15.6,Entry,7.955,1,6375.0,199.21875,0,6,10,2,2
95000,8,512,15.6,Entry,8.03,1,11875.0,185.546875,0,10,10,6,2
48500,8,128,15.6,Budget,7.9175,0,6062.5,378.90625,0,10,10,6,2
99999,16,256,13.3,Entry,10.465,1,6249.9375,390.62109375,1,2,11,5,3
74999,16,512,15.6,Entry,11.23,1,4687.4375,146.482421875,0,4,10,2,2
36000,8,512,14.0,Budget,7.550000000000001,1,4500.0,70.3125,0,10,4,6,5
73999,8,256,13.3,Entry,7.265000000000001,1,9249.875,289.05859375,0,4,10,2,2
59999,8,512,15.6,Entry,8.03,1,7499.875,117.185546875,0,3,10,3,2
80000,8,256,15.6,Entry,7.955,1,10000.0,312.5,0,4,10,2,2
19500,4,32,15.6,Budget,6.289375,0,4875.0,609.375,0,4,10,2,2
75000,16,512,15.6,Entry,11.23,1,4687.5,146.484375,0,4,9,2,0
67999,8,256,14.0,Entry,7.4750000000000005,1,8499.875,265.62109375,0,4,10,2,2
77999,16,256,14.0,Entry,10.675,1,4874.9375,304.68359375,0,3,10,3,2
19000,8,512,15.6,Budget,8.03,1,2375.0,37.109375,0,1,10,0,2
88499,8,512,14.1,Entry,7.58,1,11062.375,172.849609375,0,3,11,3,3
360000,16,1024,16.1,Luxury,11.530000000000001,1,22500.0,351.5625,1,4,12,2,1
40000,8,128,15.6,Budget,7.9175,0,5000.0,312.5,0,2,10,5,2
172000,32,256,15.6,Premium,17.555,1,5375.0,671.875,1,2,12,5,1
436999,16,1024,16.0,Luxury,11.5,1,27312.4375,426.7568359375,0,2,3,5,5
100000,8,256,15.6,Entry,7.955,1,12500.0,390.625,0,4,10,2,2
15500,4,512,15.6,Budget,6.43,1,3875.0,30.2734375,0,3,10,3,2
16999,4,16,15.6,Budget,6.2846874999999995,0,4249.75,1062.4375,0,3,10,3,2
189999,16,512,15.6,Premium,11.23,1,11874.9375,371.091796875,1,4,11,2,3
81999,8,256,15.6,Entry,7.955,1,10249.875,320.30859375,0,4,10,2,2
190000,32,256,15.6,Premium,17.555,1,5937.5,742.1875,1,2,12,5,1
54989,4,512,14.0,Entry,5.95,1,13747.25,107.400390625,0,10,10,6,2
155999,8,512,14.0,Premium,7.550000000000001,1,19499.875,304.685546875,0,4,10,2,2
70000,8,128,13.3,Entry,7.227500000000001,0,8750.0,546.875,0,2,10,5,2
42182,2,16,15.6,Budget,5.4846875,0,21091.0,2636.375,0,1,10,0,2
130999,8,512,15.6,Mid,8.03,1,16374.875,255.857421875,0,4,10,2,2
52999,8,512,14.0,Entry,7.550000000000001,1,6624.875,103.513671875,0,6,4,2,5
125000,8,256,13.3,Mid,7.265000000000001,1,15625.0,488.28125,0,6,10,2,2
69999,16,256,15.6,Entry,11.155000000000001,1,4374.9375,273.43359375,0,4,10,2,2
72999,16,256,15.6,Entry,11.155000000000001,1,4562.4375,285.15234375,0,4,10,2,2
109999,16,512,15.6,Mid,11.23,1,6874.9375,214.841796875,0,3,10,3,2
159999,16,512,15.6,Premium,11.23,1,9999.9375,312.498046875,1,2,11,5,3
75000,16,256,15.6,Entry,11.155000000000001,1,4687.5,292.96875,1,6,11,2,3
270000,16,256,13.3,Luxury,10.465,1,16875.0,1054.6875,0,2,3,5,5
45000,8,128,13.3,Budget,7.227500000000001,0,5625.0,351.5625,0,2,10,5,2
69999,16,256,15.6,Entry,11.155000000000001,1,4374.9375,273.43359375,0,4,10,2,2
100000,16,512,15.6,Entry,11.23,1,6250.0,195.3125,0,3,10,3,2
47999,8,256,15.6,Budget,7.955,1,5999.875,187.49609375,0,3,10,3,2
87999,8,512,15.6,Entry,8.03,1,10999.875,171.873046875,0,6,10,2,2
59999,8,512,14.0,Entry,7.550000000000001,1,7499.875,117.185546875,0,3,11,3,3
93499,8,256,15.6,Entry,7.955,1,11687.375,365.23046875,0,4,10,2,2
287999,8,512,15.6,Luxury,8.03,1,35999.875,562.498046875,0,2,10,5,2
376999,8,512,15.6,Luxury,8.03,1,47124.875,736.326171875,0,6,11,2,3
148999,8,512,15.6,Mid,8.03,1,18624.875,291.013671875,0,6,1,2,3
204999,8,256,15.6,Premium,7.955,1,25624.875,800.77734375,0,2,3,5,5
352999,8,512,15.6,Luxury,8.03,1,44124.875,689.451171875,0,2,5,5,5
343999,8,512,15.6,Luxury,8.03,1,42999.875,671.873046875,0,3,11,3,3
288999,16,512,15.6,Luxury,11.23,1,18062.4375,564.451171875,0,6,7,2,4
381999,16,1024,15.6,Luxury,11.379999999999999,1,23874.9375,373.0458984375,1,6,11,2,3
209999,16,512,15.6,Premium,11.23,1,13124.9375,410.154296875,1,6,11,2,3
189999,16,512,15.6,Premium,11.23,1,11874.9375,371.091796875,1,3,11,3,3
169999,8,256,15.6,Premium,7.955,1,21249.875,664.05859375,0,3,10,3,2
251999,8,512,15.6,Luxury,8.03,1,31499.875,492.185546875,0,3,11,3,3
134999,8,512,15.6,Mid,8.03,1,16874.875,263.669921875,0,6,10,2,2
179999,8,512,15.6,Premium,8.03,1,22499.875,351.560546875,0,4,10,2,2
469999,16,512,15.6,Luxury,11.23,1,29374.9375,917.966796875,0,4,7,2,4
251999,8,512,15.6,Luxury,8.03,1,31499.875,492.185546875,0,4,7,2,4
449999,16,512,15.6,Luxury,11.23,1,28124.9375,878.904296875,1,4,2,2,1
143999,8,512,15.6,Mid,8.03,1,17999.875,281.248046875,0,4,10,2,2
197999,8,512,15.6,Premium,8.03,1,24749.875,386.716796875,0,4,10,2,2
411999,8,512,15.6,Luxury,8.03,1,51499.875,804.685546875,0,4,11,2,3
181999,8,512,15.6,Premium,8.03,1,22749.875,355.466796875,0,3,10,3,2
252999,8,512,15.6,Luxury,8.03,1,31624.875,494.138671875,0,4,7,2,4
519999,32,2048,15.6,Luxury,18.08,1,16249.96875,253.90576171875,0,4,7,2,4
119999,8,512,15.6,Mid,8.03,1,14999.875,234.373046875,0,5,9,4,0
179999,8,512,15.6,Premium,8.03,1,22499.875,351.560546875,0,4,10,2,2
260999,16,512,15.6,Luxury,11.23,1,16312.4375,509.763671875,1,1,11,0,3
359999,8,512,15.6,Luxury,8.03,1,44999.875,703.123046875,0,3,7,3,4
267999,8,512,15.6,Luxury,8.03,1,33499.875,523.435546875,0,6,11,2,3
431999,16,512,15.6,Luxury,11.23,1,26999.9375,843.748046875,1,6,11,2,3
285999,16,512,15.6,Luxury,11.23,1,17874.9375,558.591796875,0,0,7,2,4
249999,8,512,15.6,Premium,8.03,1,31249.875,488.279296875,0,3,11,3,3
215999,16,512,15.6,Premium,11.23,1,13499.9375,421.873046875,0,4,7,2,4
401999,8,512,15.6,Luxury,8.03,1,50249.875,785.154296875,0,6,11,2,3
259999,16,1024,15.6,Luxury,11.379999999999999,1,16249.9375,253.9052734375,0,4,7,2,4
319999,16,512,15.6,Luxury,11.23,1,19999.9375,624.998046875,1,0,11,2,3
992999,32,2048,15.6,Luxury,18.08,1,31031.21875,484.86279296875,0,6,7,2,4
444999,32,1024,15.6,Luxury,17.78,1,13906.21875,434.5693359375,1,0,11,2,3
167999,16,512,15.6,Premium,11.23,1,10499.9375,328.123046875,0,6,0,2,2
493999,32,1024,15.6,Luxury,17.78,1,15437.46875,482.4208984375,0,6,7,2,4
147999,8,512,15.6,Mid,8.03,1,18499.875,289.060546875,0,3,10,3,2
139999,8,512,15.6,Mid,8.03,1,17499.875,273.435546875,0,4,10,2,2
242999,8,512,15.6,Premium,8.03,1,30374.875,474.607421875,0,6,11,2,3
194999,8,512,15.6,Premium,8.03,1,24374.875,380.857421875,0,4,11,2,3
199999,8,512,14.0,Premium,7.550000000000001,1,24999.875,390.623046875,0,4,10,2,2
258999,8,512,15.6,Luxury,8.03,1,32374.875,505.857421875,0,4,10,2,2
409999,16,512,16.0,Luxury,11.350000000000001,1,25624.9375,800.779296875,0,4,10,2,2
285999,8,512,15.6,Luxury,8.03,1,35749.875,558.591796875,0,6,11,2,3
346999,8,512,15.6,Luxury,8.03,1,43374.875,677.732421875,0,4,11,2,3
142999,8,512,15.6,Mid,8.03,1,17874.875,279.294921875,0,3,10,3,2
388999,8,512,15.6,Luxury,8.03,1,48624.875,759.763671875,0,6,11,2,3
227999,8,512,15.6,Premium,8.03,1,28499.875,445.310546875,0,4,7,2,4
159999,16,512,15.6,Premium,11.23,1,9999.9375,312.498046875,0,5,10,4,2
197999,16,512,15.6,Premium,11.23,1,12374.9375,386.716796875,0,3,10,3,2
244999,16,512,15.6,Premium,11.23,1,15312.4375,478.513671875,1,4,1,2,3
217999,16,512,15.6,Premium,11.23,1,13624.9375,425.779296875,0,4,10,2,2
199999,16,512,15.6,Premium,11.23,1,12499.9375,390.623046875,0,6,7,2,4
256999,16,512,15.6,Luxury,11.23,1,16062.4375,501.951171875,0,6,7,2,4
324999,8,512,15.6,Luxury,8.03,1,40624.875,634.763671875,0,6,11,2,3
110999,4,256,15.6,Mid,6.3549999999999995,1,27749.75,433.58984375,0,4,9,2,0
300999,8,512,15.6,Luxury,8.03,1,37624.875,587.888671875,0,6,11,2,3
101999,4,256,15.6,Mid,6.3549999999999995,1,25499.75,398.43359375,0,4,9,2,0
696999,32,1024,15.6,Luxury,17.78,1,21781.21875,680.6630859375,0,6,7,2,4
359999,16,512,15.6,Luxury,11.23,1,22499.9375,703.123046875,1,0,11,2,3
501999,32,1024,15.6,Luxury,17.78,1,15687.46875,490.2333984375,0,0,10,2,2
169999,8,512,15.6,Premium,8.03,1,21249.875,332.029296875,0,0,10,2,2
209999,16,512,15.6,Premium,11.23,1,13124.9375,410.154296875,1,0,11,2,3
293999,16,512,15.6,Luxury,11.23,1,18374.9375,574.216796875,0,6,7,2,4
645999,16,1024,15.6,Luxury,11.379999999999999,1,40374.9375,630.8583984375,0,3,7,3,4
139999,8,512,15.6,Mid,8.03,1,17499.875,273.435546875,0,4,10,2,2
194999,8,512,15.6,Premium,8.03,1,24374.875,380.857421875,0,4,0,2,2
230999,8,512,14.0,Premium,7.550000000000001,1,28874.875,451.169921875,0,6,11,2,3
199999,8,512,15.6,Premium,8.03,1,24999.875,390.623046875,0,4,10,2,2
179999,8,512,15.6,Premium,8.03,1,22499.875,351.560546875,0,4,10,2,2
204999,8,512,15.6,Premium,8.03,1,25624.875,400.388671875,0,6,10,2,2
191999,8,512,15.6,Premium,8.03,1,23999.875,374.998046875,0,4,0,2,2
132999,8,512,15.6,Mid,8.03,1,16624.875,259.763671875,0,6,10,2,2
148999,8,512,15.6,Mid,8.03,1,18624.875,291.013671875,0,4,10,2,2
222999,8,512,15.6,Premium,8.03,1,27874.875,435.544921875,0,4,11,2,3
145999,8,512,15.6,Mid,8.03,1,18249.875,285.154296875,0,6,10,2,2
141999,8,512,15.6,Mid,8.03,1,17749.875,277.341796875,0,4,10,2,2
261999,16,512,15.6,Luxury,11.23,1,16374.9375,511.716796875,0,6,7,2,4
171999,8,256,15.6,Premium,7.955,1,21499.875,671.87109375,0,3,10,3,2
221999,8,512,15.6,Premium,8.03,1,27749.875,433.591796875,0,3,10,3,2
181999,16,512,15.6,Premium,11.23,1,11374.9375,355.466796875,1,0,11,2,3
216999,8,512,15.6,Premium,8.03,1,27124.875,423.826171875,0,4,7,2,4
251999,8,512,15.6,Luxury,8.03,1,31499.875,492.185546875,0,6,7,2,4
433999,32,512,15.6,Luxury,17.630000000000003,1,13562.46875,847.654296875,1,4,11,2,3
378999,32,1024,15.6,Luxury,17.78,1,11843.71875,370.1162109375,1,0,11,2,3
327999,8,512,15.6,Luxury,8.03,1,40999.875,640.623046875,0,3,7,3,4
304999,8,512,15.6,Luxury,8.03,1,38124.875,595.701171875,0,3,7,3,4
221999,16,512,15.6,Premium,11.23,1,13874.9375,433.591796875,0,6,10,2,2
133999,8,512,15.6,Mid,8.03,1,16749.875,261.716796875,0,4,0,2,2
389999,32,1024,15.6,Luxury,17.78,1,12187.46875,380.8583984375,0,0,7,2,4
259999,16,1024,15.6,Luxury,11.379999999999999,1,16249.9375,253.9052734375,0,4,7,2,4
629999,32,1024,15.6,Luxury,17.78,1,19687.46875,615.2333984375,1,6,12,2,1
622999,32,1024,15.6,Luxury,17.78,1,19468.71875,608.3974609375,0,6,7,2,4
327999,16,512,15.6,Luxury,11.23,1,20499.9375,640.623046875,1,0,11,2,3
995999,64,1024,15.6,Luxury,30.580000000000002,1,15562.484375,972.6552734375,0,1,7,0,4
449999,16,1024,15.6,Luxury,11.379999999999999,1,28124.9375,439.4521484375,1,0,11,2,3
194999,16,1024,15.6,Premium,11.379999999999999,1,12187.4375,190.4287109375,1,0,11,2,3
244999,8,512,15.6,Premium,8.03,1,30624.875,478.513671875,0,6,10,2,2
414999,16,512,15.6,Luxury,11.23,1,25937.4375,810.544921875,0,6,7,2,4
502999,16,1024,15.6,Luxury,11.379999999999999,1,31437.4375,491.2099609375,0,1,10,0,2
549999,32,1024,15.6,Luxury,17.78,1,17187.46875,537.1083984375,0,0,7,2,4
149999,8,512,15.6,Mid,8.03,1,18749.875,292.966796875,0,0,10,2,2
599999,32,1024,15.6,Luxury,17.78,1,18749.96875,585.9365234375,1,6,12,2,1
351999,16,512,15.6,Luxury,11.23,1,21999.9375,687.498046875,1,4,11,2,3
337999,16,512,15.6,Luxury,11.23,1,21124.9375,660.154296875,1,4,11,2,3
176999,8,512,15.6,Premium,8.03,1,22124.875,345.701171875,0,6,11,2,3
549999,32,512,15.6,Luxury,17.630000000000003,1,17187.46875,1074.216796875,0,6,7,2,4
339999,16,512,15.6,Luxury,11.23,1,21249.9375,664.060546875,1,4,11,2,3
357999,16,1024,15.6,Luxury,11.379999999999999,1,22374.9375,349.6083984375,1,4,11,2,3
101999,8,512,15.6,Mid,8.03,1,12749.875,199.216796875,0,6,9,2,0
229999,8,512,15.6,Premium,8.03,1,28749.875,449.216796875,0,6,10,2,2
243999,8,512,15.6,Premium,8.03,1,30499.875,476.560546875,0,6,10,2,2
197999,16,512,15.6,Premium,11.23,1,12374.9375,386.716796875,0,4,7,2,4
144999,8,512,15.6,Mid,8.03,1,18124.875,283.201171875,0,4,10,2,2
172999,16,512,15.6,Premium,11.23,1,10812.4375,337.888671875,1,3,11,3,3
212999,16,512,15.6,Premium,11.23,1,13312.4375,416.013671875,0,6,7,2,4
198999,8,512,15.6,Premium,8.03,1,24874.875,388.669921875,0,6,11,2,3
181999,8,512,15.6,Premium,8.03,1,22749.875,355.466796875,0,6,11,2,3
186999,8,512,15.6,Premium,8.03,1,23374.875,365.232421875,0,4,11,2,3
221999,8,512,15.6,Premium,8.03,1,27749.875,433.591796875,0,4,11,2,3
143999,8,512,15.6,Mid,8.03,1,17999.875,281.248046875,0,3,10,3,2
261999,8,512,15.6,Luxury,8.03,1,32749.875,511.716796875,0,6,10,2,2
422500,8,32,15.6,Luxury,7.889374999999999,0,52812.5,13203.125,0,5,12,4,1
235999,16,1024,15.6,Premium,11.379999999999999,1,14749.9375,230.4677734375,0,3,10,3,2
195999,8,512,15.6,Premium,8.03,1,24499.875,382.810546875,0,6,0,2,2
235999,8,512,15.6,Premium,8.03,1,29499.875,460.935546875,0,6,7,2,4
242999,8,512,15.6,Premium,8.03,1,30374.875,474.607421875,0,6,7,2,4
312999,16,512,15.6,Luxury,11.23,1,19562.4375,611.326171875,1,1,12,0,1
494999,8,512,15.6,Luxury,8.03,1,61874.875,966.794921875,0,2,5,5,5
99999,8,256,15.6,Entry,7.955,1,12499.875,390.62109375,0,6,10,2,2
151999,8,512,15.6,Premium,8.03,1,18999.875,296.873046875,0,0,10,2,2
396999,16,1024,15.6,Luxury,11.379999999999999,1,24812.4375,387.6943359375,0,6,7,2,4
247999,16,512,15.6,Premium,11.23,1,15499.9375,484.373046875,1,4,1,2,3
327999,16,1024,15.6,Luxury,11.379999999999999,1,20499.9375,320.3115234375,1,4,11,2,3
147999,8,512,15.6,Mid,8.03,1,18499.875,289.060546875,0,3,10,3,2
125499,4,256,15.6,Mid,6.3549999999999995,1,31374.75,490.23046875,0,6,9,2,0
229999,8,512,14.0,Premium,7.550000000000001,1,28749.875,449.216796875,0,6,10,2,2
181999,8,512,15.6,Premium,8.03,1,22749.875,355.466796875,0,6,11,2,3
179999,4,512,15.6,Premium,6.43,1,44999.75,351.560546875,0,6,10,2,2
220999,8,512,15.6,Premium,8.03,1,27624.875,431.638671875,0,4,11,2,3
544999,16,512,15.6,Luxury,11.23,1,34062.4375,1064.451171875,0,2,5,5,5
494999,8,512,15.6,Luxury,8.03,1,61874.875,966.794921875,0,2,10,5,2
452999,8,512,15.6,Luxury,8.03,1,56624.875,884.763671875,0,2,10,5,2
187999,8,512,15.6,Premium,8.03,1,23499.875,367.185546875,0,4,11,2,3
261999,16,512,15.6,Luxury,11.23,1,16374.9375,511.716796875,1,4,11,2,3
110999,8,512,15.6,Mid,8.03,1,13874.875,216.794921875,0,6,9,2,0
107499,8,512,15.6,Mid,8.03,1,13437.375,209.958984375,0,4,9,2,0
229999,8,512,15.6,Premium,8.03,1,28749.875,449.216796875,0,4,7,2,4
194999,8,512,11.0,Premium,6.65,1,24374.875,380.857421875,0,4,7,2,4
293999,8,512,15.6,Luxury,8.03,1,36749.875,574.216796875,0,4,7,2,4
302999,8,512,15.6,Luxury,8.03,1,37874.875,591.794921875,0,4,7,2,4
469999,16,512,15.6,Luxury,11.23,1,29374.9375,917.966796875,1,6,11,2,3
174999,8,512,15.6,Premium,8.03,1,21874.875,341.794921875,0,4,11,2,3
177999,8,512,15.6,Premium,8.03,1,22249.875,347.654296875,0,4,11,2,3
242999,8,512,15.6,Premium,8.03,1,30374.875,474.607421875,0,4,10,2,2
181999,16,512,15.6,Premium,11.23,1,11374.9375,355.466796875,1,0,11,2,3
252999,8,512,15.6,Luxury,8.03,1,31624.875,494.138671875,0,4,7,2,4
412999,8,512,15.6,Luxury,8.03,1,51624.875,806.638671875,0,2,5,5,5
247999,16,512,15.6,Premium,11.23,1,15499.9375,484.373046875,0,1,10,0,2
349999,16,512,15.6,Luxury,11.23,1,21874.9375,683.591796875,1,1,11,0,3
344999,8,512,15.6,Luxury,8.03,1,43124.875,673.826171875,0,3,11,3,3
283999,16,512,15.6,Luxury,11.23,1,17749.9375,554.685546875,0,6,7,2,4
400999,16,512,15.6,Luxury,11.23,1,25062.4375,783.201171875,0,6,7,2,4
167999,8,512,15.6,Premium,8.03,1,20999.875,328.123046875,0,4,10,2,2
266999,8,512,15.6,Luxury,8.03,1,33374.875,521.482421875,0,6,10,2,2
450999,8,512,15.6,Luxury,8.03,1,56374.875,880.857421875,0,2,10,5,2
184999,8,512,15.6,Premium,8.03,1,23124.875,361.326171875,0,3,10,3,2
261999,8,512,15.6,Luxury,8.03,1,32749.875,511.716796875,0,6,10,2,2
416999,16,1024,15.6,Luxury,11.379999999999999,1,26062.4375,407.2255859375,0,4,7,2,4
659999,32,512,15.6,Luxury,17.630000000000003,1,20624.96875,1289.060546875,0,6,7,2,4
195999,8,512,15.6,Premium,8.03,1,24499.875,382.810546875,0,4,10,2,2
233999,16,512,15.6,Premium,11.23,1,14624.9375,457.029296875,0,4,10,2,2
684999,32,1024,15.6,Luxury,17.78,1,21406.21875,668.9443359375,0,1,7,0,4
149999,16,512,15.6,Mid,11.23,1,9374.9375,292.966796875,0,0,10,2,2
289999,16,512,15.6,Luxury,11.23,1,18124.9375,566.404296875,0,6,10,2,2
227999,8,512,15.6,Premium,8.03,1,28499.875,445.310546875,0,6,7,2,4
349999,16,512,15.6,Luxury,11.23,1,21874.9375,683.591796875,0,3,10,3,2
197999,8,512,15.6,Premium,8.03,1,24749.875,386.716796875,0,3,7,3,4
179999,8,512,15.6,Premium,8.03,1,22499.875,351.560546875,0,0,1,2,3
440999,32,1024,15.6,Luxury,17.78,1,13781.21875,430.6630859375,0,3,10,3,2
239999,16,1024,15.6,Premium,11.379999999999999,1,14999.9375,234.3740234375,0,4,7,2,4
301999,16,512,15.6,Luxury,11.23,1,18874.9375,589.841796875,1,4,11,2,3
277999,8,512,14.0,Luxury,7.550000000000001,1,34749.875,542.966796875,0,6,11,2,3
324999,16,512,15.0,Luxury,11.05,1,20312.4375,634.763671875,1,6,11,2,3
160999,8,512,15.6,Premium,8.03,1,20124.875,314.451171875,0,4,11,2,3
365999,16,512,15.6,Luxury,11.23,1,22874.9375,714.841796875,1,4,11,2,3
244999,8,512,14.0,Premium,7.550000000000001,1,30624.875,478.513671875,0,6,7,2,4
111999,8,512,15.6,Mid,8.03,1,13999.875,218.748046875,0,3,9,3,0
554999,16,512,15.6,Luxury,11.23,1,34687.4375,1083.982421875,0,2,5,5,5
354999,8,512,15.6,Luxury,8.03,1,44374.875,693.357421875,0,2,4,5,5
161599,8,512,15.6,Premium,8.03,1,20199.875,315.623046875,0,6,10,2,2
464999,16,512,15.6,Luxury,11.23,1,29062.4375,908.201171875,0,4,7,2,4
187999,8,512,14.0,Premium,7.550000000000001,1,23499.875,367.185546875,0,4,10,2,2
169999,8,512,15.6,Premium,8.03,1,21249.875,332.029296875,0,4,10,2,2
243999,8,512,15.6,Premium,8.03,1,30499.875,476.560546875,0,6,7,2,4
127999,8,512,15.6,Mid,8.03,1,15999.875,249.998046875,0,6,9,2,0
165488,8,512,15.6,Premium,8.03,1,20686.0,323.21875,0,6,10,2,2
225999,8,512,15.6,Premium,8.03,1,28249.875,441.404296875,0,6,10,2,2
247999,16,512,14.0,Premium,10.75,1,15499.9375,484.373046875,1,4,11,2,3
168999,16,512,15.6,Premium,11.23,1,10562.4375,330.076171875,1,6,11,2,3
237999,8,512,14.0,Premium,7.550000000000001,1,29749.875,464.841796875,0,6,10,2,2
237999,8,512,15.6,Premium,8.03,1,29749.875,464.841796875,0,6,10,2,2
199999,8,512,14.0,Premium,7.550000000000001,1,24999.875,390.623046875,0,4,10,2,2
233999,16,512,15.6,Premium,11.23,1,14624.9375,457.029296875,0,4,10,2,2
149999,16,512,15.6,Mid,11.23,1,9374.9375,292.966796875,0,0,10,2,2
356999,16,512,15.6,Luxury,11.23,1,22312.4375,697.263671875,1,0,11,2,3
166000,8,256,16.0,Premium,8.075,1,20750.0,648.4375,0,6,10,2,2
184999,8,512,15.6,Premium,8.03,1,23124.875,361.326171875,0,6,11,2,3
234999,16,512,15.6,Premium,11.23,1,14687.4375,458.982421875,0,4,10,2,2
119999,8,512,14.0,Mid,7.550000000000001,1,14999.875,234.373046875,0,5,11,4,3
242999,8,512,13.0,Premium,7.25,1,30374.875,474.607421875,0,2,10,5,2
145999,8,512,15.6,Mid,8.03,1,18249.875,285.154296875,0,4,10,2,2
187499,8,512,15.6,Premium,8.03,1,23437.375,366.208984375,0,3,11,3,3
406999,8,512,15.6,Luxury,8.03,1,50874.875,794.919921875,0,2,4,5,5
107999,4,256,15.6,Mid,6.3549999999999995,1,26999.75,421.87109375,0,4,9,2,0
205999,16,512,15.6,Premium,11.23,1,12874.9375,402.341796875,1,6,11,2,3
349999,32,1024,15.6,Luxury,17.78,1,10937.46875,341.7958984375,1,4,11,2,3
147999,8,512,15.6,Mid,8.03,1,18499.875,289.060546875,0,0,10,2,2
399999,8,512,15.0,Luxury,7.85,1,49999.875,781.248046875,0,2,5,5,5
489999,8,512,15.6,Luxury,8.03,1,61249.875,957.029296875,0,2,10,5,2
300999,16,512,15.6,Luxury,11.23,1,18812.4375,587.888671875,1,1,1,0,3
346999,32,512,15.6,Luxury,17.630000000000003,1,10843.71875,677.732421875,0,4,7,2,4
344999,16,512,15.6,Luxury,11.23,1,21562.4375,673.826171875,0,4,7,2,4
200999,16,512,15.6,Premium,11.23,1,12562.4375,392.576171875,1,4,1,2,3
156999,16,512,15.6,Premium,11.23,1,9812.4375,306.638671875,0,4,0,2,2
159999,8,512,15.6,Premium,8.03,1,19999.875,312.498046875,0,4,10,2,2
109999,8,256,15.6,Mid,7.955,1,13749.875,429.68359375,0,4,9,2,0
169999,8,512,15.6,Premium,8.03,1,21249.875,332.029296875,0,4,10,2,2
150999,8,512,15.6,Premium,8.03,1,18874.875,294.919921875,0,4,10,2,2
210999,8,512,15.6,Premium,8.03,1,26374.875,412.107421875,0,4,7,2,4
191999,8,512,15.6,Premium,8.03,1,23999.875,374.998046875,0,0,7,2,4
241999,8,512,15.6,Premium,8.03,1,30249.875,472.654296875,0,6,10,2,2
110999,8,512,14.0,Mid,7.550000000000001,1,13874.875,216.794921875,0,5,10,4,2
128999,4,512,15.6,Mid,6.43,1,32249.75,251.951171875,0,4,9,2,0
150999,8,512,15.6,Premium,8.03,1,18874.875,294.919921875,0,4,10,2,2
177999,8,512,15.6,Premium,8.03,1,22249.875,347.654296875,0,4,11,2,3
115999,8,512,15.6,Mid,8.03,1,14499.875,226.560546875,0,4,0,2,2
285999,16,512,15.6,Luxury,11.23,1,17874.9375,558.591796875,1,4,11,2,3
151999,8,512,15.6,Premium,8.03,1,18999.875,296.873046875,0,4,1,2,3
231999,8,512,15.6,Premium,8.03,1,28999.875,453.123046875,0,4,0,2,2
401999,8,512,15.6,Luxury,8.03,1,50249.875,785.154296875,0,4,10,2,2
480999,32,1024,15.6,Luxury,17.78,1,15031.21875,469.7255859375,1,1,12,0,1
296999,16,512,15.6,Luxury,11.23,1,18562.4375,580.076171875,1,4,1,2,3
85999,8,256,15.6,Entry,7.955,1,10749.875,335.93359375,0,5,9,4,0
107999,4,256,15.6,Mid,6.3549999999999995,1,26999.75,421.87109375,0,4,9,2,0
101999,8,512,15.6,Mid,8.03,1,12749.875,199.216796875,0,3,9,3,0
106999,8,256,15.6,Mid,7.955,1,13374.875,417.96484375,0,4,9,2,0
360999,16,512,15.6,Luxury,11.23,1,22562.4375,705.076171875,1,4,11,2,3
230999,8,512,15.6,Premium,8.03,1,28874.875,451.169921875,0,4,7,2,4
265999,8,512,15.6,Luxury,8.03,1,33249.875,519.529296875,0,0,7,2,4
395999,8,512,15.0,Luxury,7.85,1,49499.875,773.435546875,0,2,5,5,5
430999,32,1024,15.6,Luxury,17.78,1,13468.71875,420.8974609375,0,1,7,0,4
176999,16,512,15.6,Premium,11.23,1,11062.4375,345.701171875,0,6,10,2,2
144599,8,512,15.6,Mid,8.03,1,18074.875,282.419921875,0,6,10,2,2
155999,8,512,15.6,Premium,8.03,1,19499.875,304.685546875,0,6,11,2,3
152999,8,512,15.6,Premium,8.03,1,19124.875,298.826171875,0,4,10,2,2
134999,8,512,15.6,Mid,8.03,1,16874.875,263.669921875,0,3,10,3,2
198499,16,512,15.6,Premium,11.23,1,12406.1875,387.693359375,1,4,1,2,3
251999,16,512,15.6,Luxury,11.23,1,15749.9375,492.185546875,0,4,7,2,4
222999,16,512,15.6,Premium,11.23,1,13937.4375,435.544921875,1,4,11,2,3
141999,8,512,15.6,Mid,8.03,1,17749.875,277.341796875,0,6,0,2,2
288999,8,512,15.6,Luxury,8.03,1,36124.875,564.451171875,0,2,5,5,5
134499,16,512,15.6,Mid,11.23,1,8406.1875,262.693359375,1,3,1,3,3
430999,32,1024,15.6,Luxury,17.78,1,13468.71875,420.8974609375,1,1,12,0,1
781999,32,1024,15.6,Luxury,17.78,1,24437.46875,763.6708984375,1,1,12,0,1
499999,16,1024,15.6,Luxury,11.379999999999999,1,31249.9375,488.2802734375,1,0,2,2,1
173999,8,512,15.6,Premium,8.03,1,21749.875,339.841796875,0,4,11,2,3
134499,8,512,15.6,Mid,8.03,1,16812.375,262.693359375,0,3,0,3,2
100999,8,512,15.6,Mid,8.03,1,12624.875,197.263671875,0,3,9,3,0
129599,8,512,15.6,Mid,8.03,1,16199.875,253.123046875,0,3,10,3,2
206999,16,512,15.6,Premium,11.23,1,12937.4375,404.294921875,0,4,0,2,2
116999,8,512,15.6,Mid,8.03,1,14624.875,228.513671875,0,4,0,2,2
156999,16,512,15.6,Premium,11.23,1,9812.4375,306.638671875,1,0,11,2,3
288999,8,512,15.6,Luxury,8.03,1,36124.875,564.451171875,0,2,5,5,5
